#NAME?,"Sorry, the query is too large to fit into the Excel cell. You will not be able to update your table with the .Stat Populator.",,,,,,,,,
Dataset: Composite Leading Indicators (MEI),,,,,,,,,,
Country,,United States,,,,,,,,
Frequency,,Monthly,,,,,,,,
Subject,,Amplitude adjusted (CLI),Normalised (CLI),Trend restored (CLI),12-month rate of change of the trend restored CLI,"OECD Standardised BCI, Amplitude adjusted (Long term average=100), sa","OECD Standardised CCI, Amplitude adjusted (Long term average=100), sa",Ratio to trend (GDP),Normalised (GDP),Trend (GDP)
Unit,,Index,Index,Index,Percentage,Index,Index,Index,Index,Index
Time,,,,,,,,,,
Feb-1947,,..,..,..,..,..,..,102.7 ,102.3 ,11.4 
Mar-1947,,..,..,..,..,..,..,102.2 ,101.9 ,11.4 
Apr-1947,,..,..,..,..,..,..,101.8 ,101.5 ,11.5 
May-1947,,..,..,..,..,..,..,101.3 ,101.2 ,11.5 
Jun-1947,,..,..,..,..,..,..,101.0 ,100.9 ,11.5 
Jul-1947,,..,..,..,..,..,..,100.7 ,100.6 ,11.6 
Aug-1947,,..,..,..,..,..,..,100.5 ,100.5 ,11.6 
Sep-1947,,..,..,..,..,..,..,100.4 ,100.4 ,11.7 
Oct-1947,,..,..,..,..,..,..,100.4 ,100.4 ,11.7 
Nov-1947,,..,..,..,..,..,..,100.5 ,100.5 ,11.8 
Dec-1947,,..,..,..,..,..,..,100.7 ,100.6 ,11.8 
Jan-1948,,..,..,..,..,..,..,100.9 ,100.8 ,11.8 
Feb-1948,,..,..,..,..,..,..,101.0 ,100.9 ,11.9 
Mar-1948,,..,..,..,..,..,..,101.2 ,101.0 ,11.9 
Apr-1948,,..,..,..,..,..,..,101.3 ,101.1 ,12.0 
May-1948,,..,..,..,..,..,..,101.4 ,101.2 ,12.0 
Jun-1948,,..,..,..,..,..,..,101.3 ,101.2 ,12.1 
Jul-1948,,..,..,..,..,..,..,101.2 ,101.0 ,12.1 
Aug-1948,,..,..,..,..,..,..,100.9 ,100.8 ,12.1 
Sep-1948,,..,..,..,..,..,..,100.6 ,100.6 ,12.2 
Oct-1948,,..,..,..,..,..,..,100.2 ,100.2 ,12.2 
Nov-1948,,..,..,..,..,..,..,99.7 ,99.7 ,12.3 
Dec-1948,,..,..,..,..,..,..,99.0 ,99.2 ,12.3 
Jan-1949,,..,..,..,..,..,..,98.4 ,98.7 ,12.4 
Feb-1949,,..,..,..,..,..,..,97.8 ,98.2 ,12.4 
Mar-1949,,..,..,..,..,..,..,97.2 ,97.7 ,12.5 
Apr-1949,,..,..,..,..,..,..,96.7 ,97.2 ,12.5 
May-1949,,..,..,..,..,..,..,96.3 ,96.9 ,12.6 
Jun-1949,,..,..,..,..,..,..,95.9 ,96.6 ,12.6 
Jul-1949,,..,..,..,..,..,..,95.6 ,96.3 ,12.7 
Aug-1949,,..,..,..,..,..,..,95.3 ,96.1 ,12.7 
Sep-1949,,..,..,..,..,..,..,95.1 ,95.9 ,12.8 
Oct-1949,,..,..,..,..,..,..,95.0 ,95.8 ,12.8 
Nov-1949,,..,..,..,..,..,..,95.0 ,95.8 ,12.9 
Dec-1949,,..,..,..,..,..,..,95.3 ,96.0 ,12.9 
Jan-1950,,..,..,..,..,101.1 ,..,95.7 ,96.4 ,13.0 
Feb-1950,,..,..,..,..,101.7 ,..,96.2 ,96.8 ,13.0 
Mar-1950,,..,..,..,..,102.4 ,..,96.9 ,97.4 ,13.1 
Apr-1950,,..,..,..,..,103.5 ,..,97.6 ,98.0 ,13.1 
May-1950,,..,..,..,..,104.5 ,..,98.3 ,98.6 ,13.2 
Jun-1950,,..,..,..,..,105.1 ,..,99.0 ,99.2 ,13.3 
Jul-1950,,..,..,..,..,105.2 ,..,99.7 ,99.7 ,13.3 
Aug-1950,,..,..,..,..,104.5 ,..,100.2 ,100.2 ,13.4 
Sep-1950,,..,..,..,..,103.4 ,..,100.7 ,100.6 ,13.4 
Oct-1950,,..,..,..,..,102.4 ,..,101.0 ,100.9 ,13.5 
Nov-1950,,..,..,..,..,102.4 ,..,101.2 ,101.1 ,13.5 
Dec-1950,,..,..,..,..,102.9 ,..,101.4 ,101.2 ,13.6 
Jan-1951,,..,..,..,..,103.2 ,..,101.5 ,101.3 ,13.7 
Feb-1951,,..,..,..,..,103.1 ,..,101.6 ,101.4 ,13.7 
Mar-1951,,..,..,..,..,102.2 ,..,101.7 ,101.5 ,13.8 
Apr-1951,,..,..,..,..,100.7 ,..,101.9 ,101.6 ,13.8 
May-1951,,..,..,..,..,99.4 ,..,102.0 ,101.7 ,13.9 
Jun-1951,,..,..,..,..,98.4 ,..,102.2 ,101.9 ,13.9 
Jul-1951,,..,..,..,..,97.9 ,..,102.2 ,101.9 ,14.0 
Aug-1951,,..,..,..,..,98.0 ,..,102.3 ,102.0 ,14.1 
Sep-1951,,..,..,..,..,98.5 ,..,102.2 ,101.9 ,14.1 
Oct-1951,,..,..,..,..,98.8 ,..,102.1 ,101.8 ,14.2 
Nov-1951,,..,..,..,..,98.7 ,..,101.9 ,101.7 ,14.2 
Dec-1951,,..,..,..,..,98.4 ,..,101.8 ,101.5 ,14.3 
Jan-1952,,..,..,..,..,98.0 ,..,101.6 ,101.4 ,14.3 
Feb-1952,,..,..,..,..,97.4 ,..,101.4 ,101.2 ,14.4 
Mar-1952,,..,..,..,..,96.9 ,..,101.1 ,101.0 ,14.4 
Apr-1952,,..,..,..,..,96.7 ,..,100.9 ,100.8 ,14.5 
May-1952,,..,..,..,..,97.0 ,..,100.8 ,100.7 ,14.6 
Jun-1952,,..,..,..,..,98.0 ,..,100.7 ,100.7 ,14.6 
Jul-1952,,..,..,..,..,99.2 ,..,100.8 ,100.7 ,14.7 
Aug-1952,,..,..,..,..,100.4 ,..,101.0 ,100.9 ,14.7 
Sep-1952,,..,..,..,..,100.8 ,..,101.4 ,101.2 ,14.8 
Oct-1952,,..,..,..,..,100.9 ,..,101.8 ,101.6 ,14.8 
Nov-1952,,..,..,..,..,100.9 ,..,102.2 ,101.9 ,14.9 
Dec-1952,,..,..,..,..,100.9 ,..,102.6 ,102.3 ,14.9 
Jan-1953,,..,..,..,..,100.8 ,..,103.0 ,102.6 ,15.0 
Feb-1953,,..,..,..,..,100.4 ,..,103.2 ,102.7 ,15.0 
Mar-1953,,..,..,..,..,99.8 ,..,103.2 ,102.8 ,15.1 
Apr-1953,,..,..,..,..,99.4 ,..,103.2 ,102.7 ,15.1 
May-1953,,..,..,..,..,99.1 ,..,102.9 ,102.5 ,15.2 
Jun-1953,,..,..,..,..,98.8 ,..,102.6 ,102.2 ,15.2 
Jul-1953,,..,..,..,..,98.3 ,..,102.1 ,101.8 ,15.3 
Aug-1953,,..,..,..,..,97.7 ,..,101.5 ,101.3 ,15.3 
Sep-1953,,..,..,..,..,97.1 ,..,100.8 ,100.7 ,15.4 
Oct-1953,,..,..,..,..,96.5 ,..,100.1 ,100.1 ,15.4 
Nov-1953,,..,..,..,..,96.2 ,..,99.5 ,99.6 ,15.4 
Dec-1953,,..,..,..,..,96.2 ,..,98.9 ,99.1 ,15.5 
Jan-1954,,..,..,..,..,96.5 ,..,98.4 ,98.7 ,15.5 
Feb-1954,,..,..,..,..,97.2 ,..,97.9 ,98.3 ,15.6 
Mar-1954,,..,..,..,..,98.0 ,..,97.6 ,98.0 ,15.6 
Apr-1954,,..,..,..,..,98.7 ,..,97.4 ,97.8 ,15.7 
May-1954,,..,..,..,..,99.2 ,..,97.3 ,97.7 ,15.7 
Jun-1954,,..,..,..,..,99.5 ,..,97.3 ,97.7 ,15.8 
Jul-1954,,..,..,..,..,99.5 ,..,97.4 ,97.8 ,15.8 
Aug-1954,,..,..,..,..,99.6 ,..,97.6 ,98.0 ,15.8 
Sep-1954,,..,..,..,..,100.1 ,..,97.9 ,98.3 ,15.9 
Oct-1954,,..,..,..,..,100.8 ,..,98.3 ,98.6 ,15.9 
Nov-1954,,..,..,..,..,101.4 ,..,98.8 ,99.0 ,16.0 
Dec-1954,,..,..,..,..,102.1 ,..,99.3 ,99.4 ,16.0 
Jan-1955,,101.5 ,101.3 ,16.3 ,..,102.5 ,..,99.8 ,99.9 ,16.0 
Feb-1955,,101.8 ,101.6 ,16.4 ,..,103.0 ,..,100.4 ,100.3 ,16.1 
Mar-1955,,102.1 ,101.9 ,16.5 ,..,103.3 ,..,100.8 ,100.7 ,16.1 
Apr-1955,,102.3 ,102.1 ,16.5 ,..,103.4 ,..,101.2 ,101.1 ,16.2 
May-1955,,102.5 ,102.2 ,16.6 ,..,103.2 ,..,101.5 ,101.3 ,16.2 
Jun-1955,,102.5 ,102.2 ,16.7 ,..,102.9 ,..,101.8 ,101.5 ,16.2 
Jul-1955,,102.5 ,102.2 ,16.7 ,..,102.7 ,..,101.9 ,101.7 ,16.3 
Aug-1955,,102.5 ,102.2 ,16.7 ,..,102.5 ,..,102.0 ,101.8 ,16.3 
Sep-1955,,102.5 ,102.2 ,16.8 ,..,102.3 ,..,102.0 ,101.8 ,16.4 
Oct-1955,,102.4 ,102.1 ,16.8 ,..,102.3 ,..,102.0 ,101.7 ,16.4 
Nov-1955,,102.3 ,102.0 ,16.8 ,..,102.2 ,..,101.8 ,101.6 ,16.4 
Dec-1955,,102.1 ,101.8 ,16.8 ,..,102.2 ,..,101.7 ,101.4 ,16.5 
Jan-1956,,101.8 ,101.6 ,16.8 ,3.2 ,101.8 ,..,101.4 ,101.3 ,16.5 
Feb-1956,,101.4 ,101.3 ,16.8 ,2.5 ,101.3 ,..,101.3 ,101.1 ,16.6 
Mar-1956,,101.1 ,101.0 ,16.8 ,1.8 ,100.8 ,..,101.1 ,101.0 ,16.6 
Apr-1956,,100.8 ,100.7 ,16.8 ,1.3 ,100.2 ,..,101.0 ,100.9 ,16.6 
May-1956,,100.5 ,100.5 ,16.7 ,0.9 ,99.5 ,..,100.9 ,100.8 ,16.7 
Jun-1956,,100.3 ,100.3 ,16.8 ,0.6 ,98.9 ,..,100.8 ,100.7 ,16.7 
Jul-1956,,100.3 ,100.2 ,16.8 ,0.5 ,98.8 ,..,100.8 ,100.7 ,16.7 
Aug-1956,,100.3 ,100.3 ,16.8 ,0.5 ,99.3 ,..,100.8 ,100.7 ,16.8 
Sep-1956,,100.4 ,100.4 ,16.9 ,0.7 ,99.9 ,..,100.9 ,100.8 ,16.8 
Oct-1956,,100.6 ,100.5 ,16.9 ,0.8 ,100.1 ,..,101.0 ,100.9 ,16.8 
Nov-1956,,100.7 ,100.6 ,17.0 ,1.0 ,100.2 ,..,101.1 ,101.0 ,16.9 
Dec-1956,,100.6 ,100.6 ,17.0 ,1.2 ,100.1 ,..,101.2 ,101.1 ,16.9 
Jan-1957,,100.5 ,100.5 ,17.0 ,1.3 ,99.8 ,..,101.3 ,101.1 ,16.9 
Feb-1957,,100.3 ,100.3 ,17.0 ,1.5 ,99.3 ,..,101.2 ,101.1 ,17.0 
Mar-1957,,100.1 ,100.1 ,17.0 ,1.6 ,98.7 ,..,101.2 ,101.0 ,17.0 
Apr-1957,,99.8 ,99.9 ,17.0 ,1.6 ,98.1 ,..,101.1 ,101.0 ,17.1 
May-1957,,99.6 ,99.6 ,17.0 ,1.6 ,98.0 ,..,101.0 ,100.9 ,17.1 
Jun-1957,,99.3 ,99.4 ,17.0 ,1.5 ,98.1 ,..,100.8 ,100.8 ,17.1 
Jul-1957,,99.0 ,99.1 ,17.0 ,1.2 ,98.3 ,..,100.7 ,100.6 ,17.2 
Aug-1957,,98.6 ,98.7 ,16.9 ,0.7 ,98.2 ,..,100.4 ,100.4 ,17.2 
Sep-1957,,98.1 ,98.3 ,16.9 ,0.1 ,98.0 ,..,100.0 ,100.0 ,17.2 
Oct-1957,,97.6 ,97.9 ,16.9 ,-0.5 ,97.5 ,..,99.4 ,99.6 ,17.3 
Nov-1957,,97.2 ,97.5 ,16.8 ,-1.0 ,96.9 ,..,98.8 ,99.0 ,17.3 
Dec-1957,,96.8 ,97.2 ,16.8 ,-1.4 ,96.3 ,..,98.1 ,98.4 ,17.3 
Jan-1958,,96.6 ,97.0 ,16.8 ,-1.4 ,96.0 ,..,97.4 ,97.8 ,17.4 
Feb-1958,,96.7 ,97.0 ,16.8 ,-1.2 ,96.2 ,..,96.8 ,97.4 ,17.4 
Mar-1958,,96.9 ,97.2 ,16.9 ,-0.7 ,96.7 ,..,96.5 ,97.0 ,17.5 
Apr-1958,,97.2 ,97.6 ,17.0 ,-0.1 ,97.3 ,..,96.3 ,96.9 ,17.5 
May-1958,,97.8 ,98.0 ,17.1 ,0.7 ,98.4 ,..,96.4 ,96.9 ,17.5 
Jun-1958,,98.4 ,98.6 ,17.3 ,1.7 ,99.4 ,..,96.6 ,97.1 ,17.6 
Jul-1958,,99.1 ,99.2 ,17.5 ,2.8 ,100.3 ,..,97.0 ,97.5 ,17.6 
Aug-1958,,99.7 ,99.8 ,17.6 ,3.9 ,100.9 ,..,97.4 ,97.8 ,17.7 
Sep-1958,,100.4 ,100.3 ,17.8 ,5.1 ,101.5 ,..,97.9 ,98.3 ,17.7 
Oct-1958,,101.0 ,100.9 ,17.9 ,6.3 ,101.8 ,..,98.5 ,98.7 ,17.7 
Nov-1958,,101.6 ,101.4 ,18.1 ,7.4 ,102.0 ,..,99.0 ,99.2 ,17.8 
Dec-1958,,102.1 ,101.8 ,18.2 ,8.4 ,102.1 ,..,99.5 ,99.6 ,17.8 
Jan-1959,,102.5 ,102.3 ,18.3 ,9.1 ,102.5 ,..,100.0 ,100.0 ,17.9 
Feb-1959,,102.9 ,102.6 ,18.4 ,9.6 ,102.9 ,..,100.4 ,100.4 ,17.9 
Mar-1959,,103.2 ,102.8 ,18.5 ,9.6 ,103.1 ,..,100.8 ,100.7 ,18.0 
Apr-1959,,103.2 ,102.9 ,18.6 ,9.3 ,103.2 ,..,101.0 ,100.9 ,18.0 
May-1959,,103.1 ,102.8 ,18.6 ,8.6 ,103.0 ,..,101.2 ,101.1 ,18.1 
Jun-1959,,102.9 ,102.6 ,18.6 ,7.7 ,102.4 ,..,101.3 ,101.1 ,18.1 
Jul-1959,,102.5 ,102.2 ,18.6 ,6.6 ,101.5 ,..,101.2 ,101.1 ,18.2 
Aug-1959,,102.1 ,101.9 ,18.6 ,5.5 ,100.4 ,..,101.1 ,101.0 ,18.2 
Sep-1959,,101.7 ,101.5 ,18.6 ,4.5 ,99.5 ,..,101.0 ,100.9 ,18.3 
Oct-1959,,101.4 ,101.3 ,18.6 ,3.6 ,99.4 ,..,101.0 ,100.9 ,18.3 
Nov-1959,,101.2 ,101.1 ,18.6 ,2.8 ,99.9 ,..,101.0 ,100.9 ,18.4 
Dec-1959,,101.0 ,100.9 ,18.6 ,2.2 ,100.6 ,..,101.1 ,101.0 ,18.4 
Jan-1960,,100.8 ,100.7 ,18.6 ,1.5 ,100.8 ,101.6 ,101.1 ,101.0 ,18.5 
Feb-1960,,100.5 ,100.4 ,18.6 ,0.9 ,100.0 ,101.4 ,101.2 ,101.0 ,18.5 
Mar-1960,,100.1 ,100.1 ,18.6 ,0.3 ,99.1 ,101.2 ,101.1 ,100.9 ,18.6 
Apr-1960,,99.8 ,99.8 ,18.6 ,-0.0 ,98.3 ,101.0 ,100.9 ,100.8 ,18.6 
May-1960,,99.5 ,99.6 ,18.6 ,-0.2 ,97.9 ,101.1 ,100.6 ,100.6 ,18.7 
Jun-1960,,99.3 ,99.4 ,18.6 ,-0.1 ,97.9 ,101.1 ,100.3 ,100.3 ,18.7 
Jul-1960,,99.1 ,99.2 ,18.6 ,0.0 ,98.1 ,101.2 ,99.9 ,100.0 ,18.8 
Aug-1960,,98.8 ,99.0 ,18.6 ,0.2 ,98.3 ,101.0 ,99.5 ,99.6 ,18.8 
Sep-1960,,98.6 ,98.8 ,18.6 ,0.4 ,98.3 ,100.8 ,99.0 ,99.2 ,18.9 
Oct-1960,,98.4 ,98.6 ,18.7 ,0.6 ,98.2 ,100.6 ,98.6 ,98.8 ,19.0 
Nov-1960,,98.3 ,98.5 ,18.7 ,0.7 ,98.0 ,100.6 ,98.2 ,98.5 ,19.0 
Dec-1960,,98.3 ,98.5 ,18.8 ,0.9 ,97.9 ,100.6 ,97.9 ,98.2 ,19.1 
Jan-1961,,98.4 ,98.6 ,18.8 ,1.3 ,97.9 ,100.6 ,97.7 ,98.1 ,19.2 
Feb-1961,,98.6 ,98.8 ,19.0 ,1.9 ,98.3 ,100.7 ,97.6 ,98.0 ,19.2 
Mar-1961,,99.0 ,99.1 ,19.1 ,2.7 ,99.3 ,100.8 ,97.7 ,98.1 ,19.3 
Apr-1961,,99.4 ,99.5 ,19.2 ,3.5 ,100.3 ,100.9 ,97.8 ,98.2 ,19.4 
May-1961,,99.9 ,99.9 ,19.4 ,4.3 ,101.0 ,101.1 ,98.0 ,98.4 ,19.4 
Jun-1961,,100.3 ,100.2 ,19.5 ,5.1 ,101.2 ,101.3 ,98.3 ,98.6 ,19.5 
Jul-1961,,100.6 ,100.6 ,19.7 ,5.7 ,101.4 ,101.4 ,98.6 ,98.8 ,19.6 
Aug-1961,,100.9 ,100.8 ,19.8 ,6.3 ,101.7 ,101.3 ,98.9 ,99.1 ,19.6 
Sep-1961,,101.1 ,101.0 ,19.9 ,6.8 ,101.9 ,101.1 ,99.2 ,99.3 ,19.7 
Oct-1961,,101.3 ,101.1 ,20.0 ,7.2 ,101.9 ,101.0 ,99.4 ,99.6 ,19.8 
Nov-1961,,101.3 ,101.2 ,20.1 ,7.5 ,101.9 ,101.2 ,99.7 ,99.8 ,19.8 
Dec-1961,,101.3 ,101.1 ,20.2 ,7.5 ,102.0 ,101.4 ,99.9 ,100.0 ,19.9 
Jan-1962,,101.2 ,101.0 ,20.2 ,7.3 ,101.9 ,101.5 ,100.1 ,100.1 ,20.0 
Feb-1962,,101.0 ,100.8 ,20.3 ,6.9 ,101.7 ,101.5 ,100.2 ,100.2 ,20.1 
Mar-1962,,100.7 ,100.6 ,20.3 ,6.3 ,101.3 ,101.3 ,100.2 ,100.2 ,20.1 
Apr-1962,,100.3 ,100.3 ,20.3 ,5.5 ,100.6 ,101.1 ,100.2 ,100.2 ,20.2 
May-1962,,100.0 ,100.0 ,20.3 ,4.7 ,99.9 ,101.0 ,100.2 ,100.2 ,20.3 
Jun-1962,,99.7 ,99.8 ,20.3 ,4.1 ,99.5 ,100.8 ,100.1 ,100.1 ,20.4 
Jul-1962,,99.5 ,99.6 ,20.4 ,3.5 ,99.3 ,100.8 ,100.0 ,100.1 ,20.5 
Aug-1962,,99.4 ,99.5 ,20.4 ,3.2 ,99.2 ,100.8 ,99.9 ,99.9 ,20.6 
Sep-1962,,99.4 ,99.5 ,20.5 ,3.0 ,99.3 ,100.9 ,99.7 ,99.8 ,20.6 
Oct-1962,,99.5 ,99.6 ,20.6 ,3.0 ,99.7 ,101.1 ,99.5 ,99.6 ,20.7 
Nov-1962,,99.6 ,99.7 ,20.7 ,3.1 ,100.1 ,101.2 ,99.4 ,99.5 ,20.8 
Dec-1962,,99.8 ,99.8 ,20.9 ,3.4 ,100.4 ,101.3 ,99.2 ,99.4 ,20.9 
Jan-1963,,100.0 ,100.0 ,21.0 ,3.7 ,100.5 ,101.3 ,99.1 ,99.3 ,21.0 
Feb-1963,,100.1 ,100.1 ,21.1 ,4.1 ,100.5 ,101.2 ,99.0 ,99.2 ,21.1 
Mar-1963,,100.2 ,100.2 ,21.2 ,4.6 ,100.6 ,101.0 ,99.0 ,99.2 ,21.2 
Apr-1963,,100.3 ,100.3 ,21.3 ,5.0 ,100.9 ,100.9 ,99.0 ,99.2 ,21.2 
May-1963,,100.4 ,100.3 ,21.4 ,5.4 ,101.1 ,100.9 ,99.1 ,99.3 ,21.3 
Jun-1963,,100.3 ,100.3 ,21.5 ,5.8 ,101.0 ,101.0 ,99.2 ,99.3 ,21.4 
Jul-1963,,100.3 ,100.3 ,21.6 ,6.0 ,100.7 ,101.1 ,99.3 ,99.4 ,21.5 
Aug-1963,,100.2 ,100.2 ,21.7 ,6.0 ,100.6 ,101.1 ,99.4 ,99.5 ,21.6 
Sep-1963,,100.2 ,100.2 ,21.8 ,6.1 ,100.7 ,101.1 ,99.4 ,99.5 ,21.7 
Oct-1963,,100.2 ,100.2 ,21.9 ,6.0 ,100.8 ,101.1 ,99.4 ,99.5 ,21.8 
Nov-1963,,100.2 ,100.2 ,21.9 ,5.9 ,100.7 ,101.2 ,99.4 ,99.6 ,21.9 
Dec-1963,,100.2 ,100.2 ,22.1 ,5.8 ,100.6 ,101.4 ,99.5 ,99.6 ,22.0 
Jan-1964,,100.3 ,100.3 ,22.2 ,5.7 ,100.8 ,101.5 ,99.6 ,99.7 ,22.1 
Feb-1964,,100.4 ,100.3 ,22.3 ,5.6 ,101.0 ,101.6 ,99.6 ,99.7 ,22.2 
Mar-1964,,100.5 ,100.4 ,22.4 ,5.6 ,101.3 ,101.6 ,99.7 ,99.8 ,22.3 
Apr-1964,,100.6 ,100.5 ,22.5 ,5.7 ,101.3 ,101.6 ,99.7 ,99.8 ,22.4 
May-1964,,100.7 ,100.6 ,22.6 ,5.7 ,101.4 ,101.6 ,99.7 ,99.8 ,22.5 
Jun-1964,,100.7 ,100.7 ,22.8 ,5.9 ,101.7 ,101.7 ,99.6 ,99.7 ,22.6 
Jul-1964,,100.8 ,100.7 ,22.9 ,6.0 ,102.0 ,101.7 ,99.6 ,99.7 ,22.7 
Aug-1964,,100.9 ,100.8 ,23.0 ,6.1 ,102.1 ,101.7 ,99.5 ,99.6 ,22.8 
Sep-1964,,100.9 ,100.8 ,23.1 ,6.2 ,102.1 ,101.7 ,99.4 ,99.5 ,22.9 
Oct-1964,,100.9 ,100.8 ,23.2 ,6.3 ,101.9 ,101.7 ,99.3 ,99.4 ,23.0 
Nov-1964,,101.0 ,100.9 ,23.3 ,6.3 ,101.9 ,101.8 ,99.3 ,99.4 ,23.1 
Dec-1964,,101.1 ,101.0 ,23.5 ,6.4 ,101.9 ,101.8 ,99.3 ,99.4 ,23.2 
Jan-1965,,101.2 ,101.0 ,23.6 ,6.4 ,102.0 ,101.9 ,99.4 ,99.5 ,23.3 
Feb-1965,,101.2 ,101.1 ,23.7 ,6.4 ,102.1 ,102.1 ,99.5 ,99.6 ,23.4 
Mar-1965,,101.2 ,101.1 ,23.8 ,6.3 ,102.2 ,102.2 ,99.6 ,99.7 ,23.5 
Apr-1965,,101.2 ,101.0 ,23.9 ,6.1 ,102.0 ,102.3 ,99.8 ,99.9 ,23.6 
May-1965,,101.1 ,101.0 ,24.0 ,5.9 ,101.7 ,102.2 ,100.0 ,100.0 ,23.7 
Jun-1965,,101.0 ,100.9 ,24.1 ,5.8 ,101.4 ,102.2 ,100.2 ,100.2 ,23.8 
Jul-1965,,101.0 ,100.9 ,24.2 ,5.7 ,101.2 ,102.1 ,100.4 ,100.4 ,23.9 
Aug-1965,,101.1 ,100.9 ,24.3 ,5.6 ,101.2 ,102.1 ,100.7 ,100.7 ,24.0 
Sep-1965,,101.2 ,101.0 ,24.4 ,5.7 ,101.3 ,102.0 ,101.1 ,100.9 ,24.1 
Oct-1965,,101.3 ,101.2 ,24.6 ,5.8 ,101.4 ,102.0 ,101.4 ,101.2 ,24.2 
Nov-1965,,101.5 ,101.4 ,24.7 ,5.9 ,101.7 ,101.9 ,101.7 ,101.5 ,24.3 
Dec-1965,,101.7 ,101.5 ,24.9 ,6.0 ,102.1 ,101.8 ,102.0 ,101.7 ,24.5 
Jan-1966,,101.9 ,101.6 ,25.0 ,6.0 ,102.6 ,101.7 ,102.2 ,101.9 ,24.6 
Feb-1966,,101.9 ,101.7 ,25.1 ,6.0 ,102.7 ,101.5 ,102.4 ,102.0 ,24.7 
Mar-1966,,101.8 ,101.6 ,25.2 ,5.8 ,102.6 ,101.3 ,102.4 ,102.0 ,24.8 
Apr-1966,,101.6 ,101.4 ,25.2 ,5.6 ,102.2 ,101.2 ,102.3 ,102.0 ,24.9 
May-1966,,101.2 ,101.1 ,25.3 ,5.3 ,101.6 ,101.0 ,102.1 ,101.8 ,25.0 
Jun-1966,,100.9 ,100.8 ,25.3 ,5.0 ,101.4 ,100.8 ,102.0 ,101.7 ,25.1 
Jul-1966,,100.5 ,100.5 ,25.3 ,4.6 ,101.3 ,100.6 ,101.8 ,101.6 ,25.2 
Aug-1966,,100.2 ,100.1 ,25.3 ,4.1 ,101.3 ,100.5 ,101.7 ,101.5 ,25.3 
Sep-1966,,99.8 ,99.8 ,25.3 ,3.6 ,101.1 ,100.4 ,101.5 ,101.3 ,25.4 
Oct-1966,,99.5 ,99.5 ,25.3 ,3.1 ,100.7 ,100.4 ,101.4 ,101.2 ,25.4 
Nov-1966,,99.2 ,99.3 ,25.3 ,2.5 ,100.2 ,100.5 ,101.3 ,101.1 ,25.5 
Dec-1966,,98.9 ,99.0 ,25.4 ,2.0 ,99.7 ,100.7 ,101.1 ,101.0 ,25.6 
Jan-1967,,98.7 ,98.9 ,25.4 ,1.6 ,99.1 ,100.9 ,101.0 ,100.9 ,25.7 
Feb-1967,,98.6 ,98.8 ,25.5 ,1.4 ,98.6 ,101.0 ,100.8 ,100.7 ,25.8 
Mar-1967,,98.6 ,98.8 ,25.6 ,1.5 ,98.2 ,101.1 ,100.6 ,100.6 ,25.9 
Apr-1967,,98.8 ,98.9 ,25.7 ,1.8 ,97.9 ,101.2 ,100.4 ,100.4 ,26.0 
May-1967,,99.0 ,99.1 ,25.9 ,2.3 ,98.1 ,101.2 ,100.2 ,100.2 ,26.1 
Jun-1967,,99.3 ,99.4 ,26.0 ,3.0 ,98.5 ,101.3 ,100.0 ,100.1 ,26.2 
Jul-1967,,99.7 ,99.7 ,26.2 ,3.6 ,99.1 ,101.2 ,99.9 ,100.0 ,26.3 
Aug-1967,,100.0 ,100.0 ,26.4 ,4.3 ,99.7 ,101.1 ,99.9 ,99.9 ,26.4 
Sep-1967,,100.3 ,100.2 ,26.5 ,4.9 ,100.1 ,101.0 ,99.8 ,99.9 ,26.5 
Oct-1967,,100.5 ,100.4 ,26.7 ,5.4 ,100.3 ,101.0 ,99.9 ,99.9 ,26.6 
Nov-1967,,100.6 ,100.6 ,26.8 ,5.8 ,100.4 ,101.0 ,100.0 ,100.0 ,26.6 
Dec-1967,,100.7 ,100.7 ,26.9 ,6.2 ,100.5 ,101.1 ,100.2 ,100.2 ,26.7 
Jan-1968,,100.8 ,100.7 ,27.0 ,6.4 ,100.5 ,101.2 ,100.4 ,100.4 ,26.8 
Feb-1968,,100.8 ,100.7 ,27.1 ,6.4 ,100.5 ,101.1 ,100.7 ,100.6 ,26.9 
Mar-1968,,100.8 ,100.7 ,27.2 ,6.3 ,100.5 ,101.0 ,100.9 ,100.8 ,27.0 
Apr-1968,,100.8 ,100.7 ,27.3 ,6.1 ,100.6 ,100.8 ,101.1 ,101.0 ,27.1 
May-1968,,100.8 ,100.7 ,27.4 ,5.8 ,100.4 ,100.8 ,101.3 ,101.1 ,27.1 
Jun-1968,,100.8 ,100.7 ,27.4 ,5.5 ,100.2 ,100.7 ,101.3 ,101.2 ,27.2 
Jul-1968,,100.9 ,100.8 ,27.5 ,5.1 ,100.0 ,100.7 ,101.3 ,101.2 ,27.3 
Aug-1968,,101.0 ,100.9 ,27.7 ,4.8 ,99.9 ,100.7 ,101.3 ,101.2 ,27.4 
Sep-1968,,101.1 ,101.0 ,27.8 ,4.7 ,100.1 ,100.7 ,101.3 ,101.1 ,27.5 
Oct-1968,,101.3 ,101.1 ,27.9 ,4.6 ,100.4 ,100.8 ,101.3 ,101.1 ,27.5 
Nov-1968,,101.4 ,101.2 ,28.0 ,4.4 ,100.7 ,101.0 ,101.3 ,101.1 ,27.6 
Dec-1968,,101.4 ,101.2 ,28.1 ,4.3 ,100.7 ,101.2 ,101.3 ,101.1 ,27.7 
Jan-1969,,101.3 ,101.2 ,28.2 ,4.2 ,100.7 ,101.3 ,101.3 ,101.2 ,27.8 
Feb-1969,,101.2 ,101.1 ,28.2 ,4.0 ,100.7 ,101.2 ,101.4 ,101.2 ,27.9 
Mar-1969,,101.1 ,100.9 ,28.2 ,3.8 ,100.7 ,101.0 ,101.4 ,101.2 ,27.9 
Apr-1969,,100.8 ,100.7 ,28.2 ,3.5 ,100.6 ,100.7 ,101.3 ,101.2 ,28.0 
May-1969,,100.5 ,100.5 ,28.2 ,3.2 ,100.6 ,100.5 ,101.3 ,101.1 ,28.1 
Jun-1969,,100.3 ,100.2 ,28.2 ,2.8 ,100.4 ,100.2 ,101.1 ,101.0 ,28.2 
Jul-1969,,100.0 ,100.0 ,28.2 ,2.5 ,100.3 ,100.0 ,101.0 ,100.9 ,28.2 
Aug-1969,,99.8 ,99.8 ,28.2 ,2.1 ,100.2 ,99.8 ,100.8 ,100.7 ,28.3 
Sep-1969,,99.6 ,99.7 ,28.3 ,1.7 ,100.2 ,99.5 ,100.5 ,100.5 ,28.4 
Oct-1969,,99.4 ,99.5 ,28.3 ,1.3 ,100.2 ,99.3 ,100.2 ,100.2 ,28.4 
Nov-1969,,99.2 ,99.3 ,28.3 ,0.9 ,99.9 ,99.2 ,99.9 ,99.9 ,28.5 
Dec-1969,,98.9 ,99.0 ,28.3 ,0.6 ,99.6 ,99.1 ,99.5 ,99.7 ,28.6 
Jan-1970,,98.6 ,98.7 ,28.2 ,0.3 ,99.1 ,99.0 ,99.3 ,99.4 ,28.7 
Feb-1970,,98.2 ,98.4 ,28.2 ,0.1 ,98.7 ,98.9 ,99.0 ,99.2 ,28.7 
Mar-1970,,98.0 ,98.2 ,28.2 ,-0.0 ,98.5 ,98.8 ,98.8 ,99.0 ,28.8 
Apr-1970,,97.7 ,98.0 ,28.2 ,-0.1 ,98.5 ,98.8 ,98.6 ,98.8 ,28.9 
May-1970,,97.6 ,97.9 ,28.2 ,0.1 ,98.8 ,98.8 ,98.4 ,98.7 ,28.9 
Jun-1970,,97.6 ,97.8 ,28.3 ,0.3 ,99.1 ,98.9 ,98.3 ,98.6 ,29.0 
Jul-1970,,97.6 ,97.8 ,28.4 ,0.5 ,99.0 ,98.9 ,98.1 ,98.4 ,29.1 
Aug-1970,,97.6 ,97.9 ,28.5 ,0.8 ,98.6 ,98.7 ,98.0 ,98.3 ,29.2 
Sep-1970,,97.7 ,98.0 ,28.6 ,1.1 ,98.0 ,98.6 ,97.8 ,98.2 ,29.2 
Oct-1970,,97.9 ,98.1 ,28.7 ,1.5 ,97.6 ,98.5 ,97.7 ,98.1 ,29.3 
Nov-1970,,98.2 ,98.4 ,28.9 ,2.1 ,97.5 ,98.6 ,97.7 ,98.1 ,29.4 
Dec-1970,,98.7 ,98.8 ,29.1 ,2.8 ,98.1 ,98.8 ,97.8 ,98.1 ,29.4 
Jan-1971,,99.2 ,99.3 ,29.3 ,3.7 ,98.9 ,99.0 ,97.9 ,98.3 ,29.5 
Feb-1971,,99.6 ,99.7 ,29.5 ,4.4 ,99.6 ,99.1 ,98.1 ,98.4 ,29.6 
Mar-1971,,100.0 ,100.0 ,29.6 ,5.1 ,99.9 ,99.2 ,98.2 ,98.6 ,29.7 
Apr-1971,,100.2 ,100.2 ,29.8 ,5.6 ,100.1 ,99.3 ,98.3 ,98.6 ,29.7 
May-1971,,100.3 ,100.2 ,29.9 ,5.8 ,100.2 ,99.4 ,98.4 ,98.7 ,29.8 
Jun-1971,,100.3 ,100.3 ,30.0 ,5.9 ,100.2 ,99.4 ,98.4 ,98.7 ,29.9 
Jul-1971,,100.3 ,100.3 ,30.1 ,5.9 ,100.2 ,99.5 ,98.4 ,98.7 ,30.0 
Aug-1971,,100.3 ,100.3 ,30.1 ,5.9 ,100.2 ,99.5 ,98.3 ,98.6 ,30.0 
Sep-1971,,100.4 ,100.4 ,30.2 ,5.9 ,100.2 ,99.5 ,98.3 ,98.6 ,30.1 
Oct-1971,,100.6 ,100.5 ,30.4 ,5.9 ,100.2 ,99.7 ,98.3 ,98.6 ,30.2 
Nov-1971,,100.9 ,100.8 ,30.5 ,5.8 ,100.4 ,100.0 ,98.4 ,98.6 ,30.3 
Dec-1971,,101.3 ,101.1 ,30.7 ,5.7 ,100.8 ,100.3 ,98.5 ,98.8 ,30.3 
Jan-1972,,101.7 ,101.5 ,30.9 ,5.6 ,101.2 ,100.6 ,98.8 ,99.0 ,30.4 
Feb-1972,,102.0 ,101.8 ,31.1 ,5.5 ,101.5 ,100.6 ,99.1 ,99.3 ,30.5 
Mar-1972,,102.3 ,102.0 ,31.3 ,5.5 ,101.5 ,100.5 ,99.4 ,99.6 ,30.6 
Apr-1972,,102.5 ,102.2 ,31.4 ,5.5 ,101.5 ,100.5 ,99.8 ,99.9 ,30.6 
May-1972,,102.7 ,102.4 ,31.5 ,5.5 ,101.5 ,100.6 ,100.1 ,100.1 ,30.7 
Jun-1972,,102.8 ,102.5 ,31.7 ,5.6 ,101.4 ,100.8 ,100.4 ,100.4 ,30.8 
Jul-1972,,103.0 ,102.6 ,31.8 ,5.8 ,101.6 ,101.0 ,100.7 ,100.6 ,30.9 
Aug-1972,,103.2 ,102.8 ,31.9 ,5.9 ,102.0 ,100.9 ,100.9 ,100.8 ,30.9 
Sep-1972,,103.4 ,103.0 ,32.1 ,6.1 ,102.6 ,100.8 ,101.2 ,101.1 ,31.0 
Oct-1972,,103.6 ,103.2 ,32.2 ,6.1 ,103.1 ,100.5 ,101.5 ,101.4 ,31.1 
Nov-1972,,103.7 ,103.3 ,32.3 ,5.9 ,103.6 ,100.2 ,101.9 ,101.7 ,31.2 
Dec-1972,,103.8 ,103.4 ,32.4 ,5.6 ,103.9 ,99.9 ,102.3 ,102.0 ,31.2 
Jan-1973,,103.8 ,103.4 ,32.5 ,5.2 ,104.0 ,99.6 ,102.7 ,102.4 ,31.3 
Feb-1973,,103.7 ,103.3 ,32.6 ,4.7 ,103.8 ,99.3 ,103.1 ,102.6 ,31.4 
Mar-1973,,103.4 ,103.1 ,32.6 ,4.1 ,103.6 ,99.1 ,103.3 ,102.8 ,31.5 
Apr-1973,,103.1 ,102.8 ,32.5 ,3.5 ,103.2 ,98.9 ,103.4 ,103.0 ,31.5 
May-1973,,102.7 ,102.4 ,32.5 ,3.0 ,102.7 ,98.7 ,103.4 ,103.0 ,31.6 
Jun-1973,,102.3 ,102.0 ,32.4 ,2.4 ,102.2 ,98.5 ,103.3 ,102.9 ,31.7 
Jul-1973,,101.9 ,101.7 ,32.4 ,1.8 ,101.8 ,98.5 ,103.2 ,102.7 ,31.8 
Aug-1973,,101.6 ,101.4 ,32.4 ,1.3 ,102.0 ,98.5 ,103.0 ,102.6 ,31.8 
Sep-1973,,101.3 ,101.2 ,32.3 ,0.8 ,102.4 ,98.6 ,102.8 ,102.4 ,31.9 
Oct-1973,,101.1 ,101.0 ,32.4 ,0.4 ,102.7 ,98.5 ,102.6 ,102.3 ,32.0 
Nov-1973,,100.9 ,100.8 ,32.4 ,0.0 ,102.8 ,98.2 ,102.4 ,102.1 ,32.1 
Dec-1973,,100.7 ,100.6 ,32.4 ,-0.3 ,102.5 ,97.7 ,102.1 ,101.8 ,32.1 
Jan-1974,,100.5 ,100.4 ,32.4 ,-0.5 ,102.0 ,97.5 ,101.8 ,101.6 ,32.2 
Feb-1974,,100.2 ,100.2 ,32.4 ,-0.6 ,101.7 ,97.6 ,101.5 ,101.3 ,32.3 
Mar-1974,,99.9 ,99.9 ,32.3 ,-0.7 ,101.5 ,97.8 ,101.2 ,101.1 ,32.4 
Apr-1974,,99.5 ,99.6 ,32.3 ,-0.8 ,101.3 ,98.0 ,100.9 ,100.8 ,32.4 
May-1974,,99.1 ,99.2 ,32.2 ,-0.8 ,100.8 ,98.0 ,100.5 ,100.5 ,32.5 
Jun-1974,,98.6 ,98.8 ,32.1 ,-0.9 ,100.5 ,97.7 ,100.1 ,100.1 ,32.6 
Jul-1974,,98.1 ,98.3 ,32.0 ,-1.0 ,100.2 ,97.5 ,99.7 ,99.8 ,32.6 
Aug-1974,,97.5 ,97.8 ,31.9 ,-1.3 ,99.6 ,97.2 ,99.2 ,99.4 ,32.7 
Sep-1974,,97.0 ,97.3 ,31.8 ,-1.6 ,98.6 ,97.0 ,98.8 ,99.0 ,32.8 
Oct-1974,,96.4 ,96.8 ,31.7 ,-2.0 ,97.5 ,96.8 ,98.3 ,98.6 ,32.9 
Nov-1974,,96.0 ,96.4 ,31.6 ,-2.3 ,96.4 ,96.7 ,97.8 ,98.2 ,32.9 
Dec-1974,,95.7 ,96.2 ,31.6 ,-2.4 ,95.5 ,96.6 ,97.4 ,97.8 ,33.0 
Jan-1975,,95.6 ,96.1 ,31.6 ,-2.3 ,95.1 ,96.8 ,97.0 ,97.5 ,33.1 
Feb-1975,,95.7 ,96.2 ,31.7 ,-1.9 ,95.3 ,97.2 ,96.7 ,97.2 ,33.2 
Mar-1975,,96.0 ,96.4 ,31.9 ,-1.3 ,95.6 ,97.7 ,96.4 ,97.0 ,33.3 
Apr-1975,,96.4 ,96.8 ,32.1 ,-0.5 ,96.3 ,98.2 ,96.4 ,96.9 ,33.3 
May-1975,,96.9 ,97.2 ,32.4 ,0.5 ,97.2 ,98.5 ,96.4 ,97.0 ,33.4 
Jun-1975,,97.4 ,97.7 ,32.6 ,1.5 ,98.1 ,98.7 ,96.5 ,97.1 ,33.5 
Jul-1975,,97.9 ,98.1 ,32.9 ,2.6 ,98.8 ,98.7 ,96.7 ,97.3 ,33.6 
Aug-1975,,98.3 ,98.5 ,33.1 ,3.7 ,99.5 ,98.7 ,97.0 ,97.5 ,33.7 
Sep-1975,,98.8 ,98.9 ,33.3 ,4.8 ,100.1 ,98.8 ,97.3 ,97.7 ,33.8 
Oct-1975,,99.2 ,99.3 ,33.6 ,5.9 ,100.3 ,98.9 ,97.6 ,98.0 ,33.8 
Nov-1975,,99.6 ,99.6 ,33.8 ,6.9 ,100.5 ,99.1 ,97.9 ,98.2 ,33.9 
Dec-1975,,100.0 ,100.0 ,34.0 ,7.7 ,100.7 ,99.4 ,98.2 ,98.5 ,34.0 
Jan-1976,,100.4 ,100.3 ,34.2 ,8.2 ,101.1 ,99.7 ,98.5 ,98.8 ,34.1 
Feb-1976,,100.7 ,100.6 ,34.4 ,8.5 ,101.4 ,99.7 ,98.7 ,99.0 ,34.2 
Mar-1976,,100.9 ,100.8 ,34.6 ,8.4 ,101.5 ,99.8 ,98.9 ,99.1 ,34.3 
Apr-1976,,101.1 ,100.9 ,34.7 ,8.2 ,101.5 ,99.8 ,99.0 ,99.2 ,34.4 
May-1976,,101.1 ,101.0 ,34.9 ,7.7 ,101.3 ,100.0 ,99.0 ,99.2 ,34.5 
Jun-1976,,101.1 ,101.0 ,35.0 ,7.2 ,101.0 ,100.2 ,98.9 ,99.1 ,34.6 
Jul-1976,,101.1 ,101.0 ,35.0 ,6.6 ,100.6 ,100.3 ,98.9 ,99.1 ,34.7 
Aug-1976,,101.1 ,101.0 ,35.1 ,6.1 ,100.3 ,100.3 ,98.8 ,99.0 ,34.8 
Sep-1976,,101.1 ,100.9 ,35.2 ,5.7 ,100.1 ,100.2 ,98.7 ,99.0 ,34.9 
Oct-1976,,101.1 ,101.0 ,35.3 ,5.3 ,100.0 ,100.2 ,98.7 ,98.9 ,35.0 
Nov-1976,,101.2 ,101.1 ,35.5 ,5.0 ,100.0 ,100.1 ,98.7 ,99.0 ,35.1 
Dec-1976,,101.3 ,101.2 ,35.6 ,4.7 ,100.3 ,100.1 ,98.8 ,99.0 ,35.2 
Jan-1977,,101.5 ,101.4 ,35.8 ,4.5 ,100.4 ,100.2 ,99.0 ,99.2 ,35.2 
Feb-1977,,101.7 ,101.5 ,36.0 ,4.4 ,100.6 ,100.3 ,99.2 ,99.3 ,35.3 
Mar-1977,,101.9 ,101.7 ,36.1 ,4.4 ,100.9 ,100.4 ,99.4 ,99.6 ,35.4 
Apr-1977,,102.0 ,101.8 ,36.3 ,4.3 ,101.0 ,100.4 ,99.7 ,99.8 ,35.5 
May-1977,,102.0 ,101.8 ,36.4 ,4.3 ,101.1 ,100.5 ,100.0 ,100.0 ,35.6 
Jun-1977,,102.0 ,101.8 ,36.5 ,4.3 ,101.0 ,100.4 ,100.2 ,100.2 ,35.7 
Jul-1977,,102.0 ,101.7 ,36.6 ,4.3 ,100.8 ,100.3 ,100.4 ,100.4 ,35.8 
Aug-1977,,101.9 ,101.7 ,36.6 ,4.2 ,100.5 ,100.2 ,100.5 ,100.4 ,35.9 
Sep-1977,,101.8 ,101.6 ,36.7 ,4.1 ,100.4 ,100.0 ,100.5 ,100.4 ,36.0 
Oct-1977,,101.7 ,101.5 ,36.8 ,4.0 ,100.5 ,99.8 ,100.4 ,100.4 ,36.1 
Nov-1977,,101.6 ,101.5 ,36.8 ,3.9 ,100.7 ,99.7 ,100.3 ,100.3 ,36.2 
Dec-1977,,101.6 ,101.4 ,36.9 ,3.6 ,101.0 ,99.7 ,100.3 ,100.3 ,36.3 
Jan-1978,,101.6 ,101.4 ,37.0 ,3.4 ,100.9 ,99.7 ,100.4 ,100.4 ,36.4 
Feb-1978,,101.6 ,101.5 ,37.1 ,3.3 ,100.7 ,99.6 ,100.7 ,100.6 ,36.5 
Mar-1978,,101.8 ,101.6 ,37.3 ,3.2 ,100.7 ,99.4 ,101.0 ,100.9 ,36.6 
Apr-1978,,101.9 ,101.7 ,37.4 ,3.2 ,101.0 ,99.4 ,101.5 ,101.3 ,36.7 
May-1978,,102.1 ,101.9 ,37.6 ,3.3 ,101.4 ,99.5 ,102.0 ,101.7 ,36.8 
Jun-1978,,102.2 ,102.0 ,37.7 ,3.5 ,101.6 ,99.4 ,102.4 ,102.1 ,36.9 
Jul-1978,,102.3 ,102.0 ,37.8 ,3.5 ,101.8 ,99.4 ,102.8 ,102.4 ,37.0 
Aug-1978,,102.3 ,102.0 ,37.9 ,3.6 ,101.7 ,99.3 ,103.1 ,102.6 ,37.1 
Sep-1978,,102.2 ,101.9 ,38.0 ,3.6 ,101.7 ,99.2 ,103.3 ,102.8 ,37.2 
Oct-1978,,102.0 ,101.8 ,38.0 ,3.5 ,101.6 ,99.0 ,103.4 ,102.9 ,37.3 
Nov-1978,,101.8 ,101.6 ,38.0 ,3.3 ,101.6 ,98.6 ,103.4 ,102.9 ,37.4 
Dec-1978,,101.6 ,101.4 ,38.1 ,3.1 ,101.4 ,98.2 ,103.4 ,102.9 ,37.5 
Jan-1979,,101.4 ,101.3 ,38.1 ,2.9 ,101.3 ,98.2 ,103.3 ,102.8 ,37.5 
Feb-1979,,101.3 ,101.1 ,38.1 ,2.6 ,101.1 ,98.2 ,103.1 ,102.7 ,37.6 
Mar-1979,,101.1 ,100.9 ,38.1 ,2.2 ,100.9 ,98.0 ,103.0 ,102.6 ,37.7 
Apr-1979,,100.8 ,100.7 ,38.1 ,1.8 ,100.6 ,97.8 ,102.9 ,102.5 ,37.8 
May-1979,,100.5 ,100.5 ,38.1 ,1.3 ,100.3 ,97.6 ,102.8 ,102.4 ,37.9 
Jun-1979,,100.3 ,100.2 ,38.1 ,0.8 ,99.9 ,97.4 ,102.7 ,102.3 ,37.9 
Jul-1979,,100.0 ,100.0 ,38.0 ,0.5 ,99.5 ,97.3 ,102.7 ,102.3 ,38.0 
Aug-1979,,99.8 ,99.8 ,38.0 ,0.2 ,99.3 ,97.3 ,102.6 ,102.3 ,38.1 
Sep-1979,,99.5 ,99.6 ,38.0 ,-0.0 ,99.1 ,97.4 ,102.6 ,102.2 ,38.2 
Oct-1979,,99.2 ,99.3 ,38.0 ,-0.2 ,98.9 ,97.3 ,102.5 ,102.1 ,38.3 
Nov-1979,,99.0 ,99.1 ,37.9 ,-0.3 ,98.7 ,97.3 ,102.3 ,102.0 ,38.3 
Dec-1979,,98.7 ,98.8 ,37.9 ,-0.5 ,98.6 ,97.3 ,102.1 ,101.8 ,38.4 
Jan-1980,,98.4 ,98.6 ,37.8 ,-0.6 ,98.6 ,97.4 ,101.8 ,101.6 ,38.5 
Feb-1980,,98.1 ,98.3 ,37.8 ,-0.8 ,98.4 ,97.2 ,101.4 ,101.2 ,38.5 
Mar-1980,,97.7 ,98.0 ,37.7 ,-1.0 ,97.6 ,96.6 ,100.9 ,100.8 ,38.6 
Apr-1980,,97.6 ,97.8 ,37.7 ,-0.9 ,96.3 ,96.2 ,100.4 ,100.4 ,38.7 
May-1980,,97.6 ,97.9 ,37.8 ,-0.6 ,95.3 ,96.2 ,99.9 ,100.0 ,38.7 
Jun-1980,,98.0 ,98.2 ,38.0 ,-0.1 ,95.3 ,96.6 ,99.6 ,99.7 ,38.8 
Jul-1980,,98.5 ,98.7 ,38.3 ,0.7 ,96.2 ,97.2 ,99.4 ,99.5 ,38.9 
Aug-1980,,99.1 ,99.2 ,38.6 ,1.5 ,97.8 ,97.8 ,99.4 ,99.5 ,38.9 
Sep-1980,,99.6 ,99.6 ,38.9 ,2.3 ,99.2 ,98.3 ,99.5 ,99.6 ,39.0 
Oct-1980,,99.9 ,99.9 ,39.0 ,2.9 ,100.2 ,98.6 ,99.8 ,99.8 ,39.1 
Nov-1980,,100.0 ,100.0 ,39.2 ,3.3 ,100.5 ,98.4 ,100.1 ,100.1 ,39.2 
Dec-1980,,100.0 ,100.0 ,39.2 ,3.5 ,100.1 ,98.1 ,100.4 ,100.4 ,39.2 
Jan-1981,,99.9 ,99.9 ,39.3 ,3.7 ,99.5 ,97.9 ,100.7 ,100.6 ,39.3 
Feb-1981,,99.8 ,99.8 ,39.3 ,3.9 ,99.2 ,97.8 ,100.9 ,100.8 ,39.4 
Mar-1981,,99.7 ,99.7 ,39.3 ,4.1 ,99.3 ,97.9 ,100.9 ,100.8 ,39.4 
Apr-1981,,99.5 ,99.6 ,39.3 ,4.2 ,99.5 ,98.2 ,100.9 ,100.8 ,39.5 
May-1981,,99.3 ,99.4 ,39.3 ,3.9 ,99.7 ,98.5 ,100.8 ,100.8 ,39.6 
Jun-1981,,99.0 ,99.1 ,39.3 ,3.2 ,99.4 ,98.6 ,100.8 ,100.7 ,39.6 
Jul-1981,,98.8 ,98.9 ,39.2 ,2.4 ,98.9 ,98.7 ,100.6 ,100.6 ,39.7 
Aug-1981,,98.5 ,98.7 ,39.2 ,1.5 ,98.4 ,98.7 ,100.4 ,100.4 ,39.8 
Sep-1981,,98.2 ,98.4 ,39.1 ,0.7 ,97.7 ,98.4 ,100.1 ,100.1 ,39.9 
Oct-1981,,97.9 ,98.1 ,39.1 ,0.1 ,97.0 ,98.0 ,99.7 ,99.8 ,39.9 
Nov-1981,,97.5 ,97.8 ,39.0 ,-0.4 ,96.5 ,97.6 ,99.2 ,99.3 ,40.0 
Dec-1981,,97.3 ,97.6 ,39.0 ,-0.6 ,96.5 ,97.6 ,98.6 ,98.9 ,40.1 
Jan-1982,,97.0 ,97.3 ,39.0 ,-0.8 ,96.5 ,97.7 ,98.1 ,98.4 ,40.2 
Feb-1982,,96.7 ,97.1 ,38.9 ,-0.9 ,96.5 ,97.6 ,97.7 ,98.1 ,40.2 
Mar-1982,,96.5 ,96.9 ,38.9 ,-1.0 ,96.4 ,97.4 ,97.3 ,97.7 ,40.3 
Apr-1982,,96.3 ,96.7 ,38.9 ,-1.0 ,96.4 ,97.5 ,97.0 ,97.5 ,40.4 
May-1982,,96.2 ,96.6 ,39.0 ,-0.8 ,96.3 ,97.6 ,96.7 ,97.2 ,40.5 
Jun-1982,,96.2 ,96.6 ,39.1 ,-0.5 ,96.5 ,97.6 ,96.4 ,97.0 ,40.6 
Jul-1982,,96.3 ,96.7 ,39.2 ,-0.1 ,96.6 ,97.6 ,96.2 ,96.8 ,40.7 
Aug-1982,,96.5 ,96.9 ,39.4 ,0.4 ,96.6 ,97.7 ,95.9 ,96.6 ,40.8 
Sep-1982,,96.8 ,97.1 ,39.6 ,1.1 ,96.7 ,98.0 ,95.7 ,96.4 ,40.9 
Oct-1982,,97.1 ,97.4 ,39.8 ,1.8 ,96.8 ,98.2 ,95.6 ,96.3 ,41.0 
Nov-1982,,97.5 ,97.8 ,40.0 ,2.6 ,97.1 ,98.3 ,95.5 ,96.2 ,41.1 
Dec-1982,,98.0 ,98.2 ,40.3 ,3.5 ,97.7 ,98.3 ,95.6 ,96.3 ,41.2 
Jan-1983,,98.5 ,98.7 ,40.7 ,4.5 ,98.6 ,98.4 ,95.7 ,96.4 ,41.3 
Feb-1983,,99.2 ,99.3 ,41.1 ,5.5 ,99.6 ,98.8 ,95.9 ,96.6 ,41.4 
Mar-1983,,99.8 ,99.8 ,41.4 ,6.5 ,100.1 ,99.4 ,96.3 ,96.9 ,41.5 
Apr-1983,,100.4 ,100.4 ,41.8 ,7.4 ,100.4 ,100.2 ,96.6 ,97.2 ,41.6 
May-1983,,101.0 ,100.9 ,42.2 ,8.2 ,100.8 ,100.6 ,97.0 ,97.5 ,41.7 
Jun-1983,,101.5 ,101.3 ,42.5 ,8.8 ,101.2 ,100.8 ,97.4 ,97.9 ,41.9 
Jul-1983,,101.9 ,101.7 ,42.8 ,9.2 ,101.8 ,100.8 ,97.9 ,98.2 ,42.0 
Aug-1983,,102.2 ,101.9 ,43.0 ,9.3 ,102.2 ,100.6 ,98.3 ,98.6 ,42.1 
Sep-1983,,102.4 ,102.1 ,43.2 ,9.3 ,102.4 ,100.5 ,98.6 ,98.9 ,42.2 
Oct-1983,,102.5 ,102.2 ,43.4 ,9.2 ,102.6 ,100.5 ,99.0 ,99.2 ,42.4 
Nov-1983,,102.6 ,102.3 ,43.6 ,8.9 ,102.9 ,100.7 ,99.4 ,99.5 ,42.5 
Dec-1983,,102.6 ,102.3 ,43.7 ,8.4 ,102.8 ,101.0 ,99.7 ,99.8 ,42.6 
Jan-1984,,102.6 ,102.3 ,43.9 ,7.8 ,102.2 ,101.4 ,100.1 ,100.1 ,42.8 
Feb-1984,,102.5 ,102.2 ,44.0 ,7.1 ,101.8 ,101.5 ,100.4 ,100.3 ,42.9 
Mar-1984,,102.3 ,102.0 ,44.0 ,6.2 ,101.5 ,101.6 ,100.6 ,100.6 ,43.0 
Apr-1984,,102.0 ,101.8 ,44.0 ,5.4 ,101.4 ,101.4 ,100.8 ,100.7 ,43.2 
May-1984,,101.7 ,101.5 ,44.1 ,4.5 ,101.2 ,101.3 ,101.0 ,100.9 ,43.3 
Jun-1984,,101.4 ,101.3 ,44.1 ,3.7 ,101.0 ,101.3 ,101.1 ,100.9 ,43.5 
Jul-1984,,101.1 ,101.0 ,44.1 ,3.1 ,100.5 ,101.4 ,101.1 ,101.0 ,43.6 
Aug-1984,,100.9 ,100.8 ,44.1 ,2.6 ,100.0 ,101.5 ,101.1 ,101.0 ,43.7 
Sep-1984,,100.7 ,100.6 ,44.2 ,2.2 ,99.6 ,101.5 ,101.1 ,100.9 ,43.9 
Oct-1984,,100.5 ,100.5 ,44.3 ,1.9 ,99.4 ,101.3 ,101.0 ,100.9 ,44.0 
Nov-1984,,100.4 ,100.4 ,44.4 ,1.8 ,99.3 ,101.2 ,101.0 ,100.8 ,44.2 
Dec-1984,,100.4 ,100.3 ,44.5 ,1.7 ,99.3 ,101.0 ,100.9 ,100.8 ,44.3 
Jan-1985,,100.3 ,100.3 ,44.6 ,1.7 ,99.3 ,101.0 ,100.9 ,100.8 ,44.5 
Feb-1985,,100.2 ,100.2 ,44.7 ,1.8 ,99.1 ,101.0 ,100.8 ,100.8 ,44.6 
Mar-1985,,100.2 ,100.2 ,44.9 ,1.9 ,98.9 ,100.9 ,100.8 ,100.7 ,44.8 
Apr-1985,,100.2 ,100.1 ,45.0 ,2.2 ,98.8 ,100.9 ,100.9 ,100.8 ,44.9 
May-1985,,100.1 ,100.1 ,45.2 ,2.5 ,98.7 ,100.9 ,100.9 ,100.8 ,45.1 
Jun-1985,,100.1 ,100.1 ,45.3 ,2.8 ,98.7 ,101.0 ,100.9 ,100.8 ,45.2 
Jul-1985,,100.1 ,100.1 ,45.4 ,3.0 ,98.8 ,100.9 ,101.0 ,100.9 ,45.4 
Aug-1985,,100.0 ,100.0 ,45.6 ,3.3 ,98.9 ,100.8 ,101.0 ,100.9 ,45.5 
Sep-1985,,100.0 ,100.0 ,45.7 ,3.4 ,99.2 ,100.6 ,101.1 ,100.9 ,45.7 
Oct-1985,,100.0 ,100.0 ,45.9 ,3.6 ,99.4 ,100.5 ,101.1 ,100.9 ,45.9 
Nov-1985,,100.0 ,100.0 ,46.0 ,3.7 ,99.5 ,100.6 ,101.0 ,100.9 ,46.0 
Dec-1985,,100.1 ,100.1 ,46.2 ,3.8 ,99.5 ,100.9 ,101.0 ,100.9 ,46.2 
Jan-1986,,100.1 ,100.1 ,46.4 ,3.9 ,99.5 ,101.1 ,100.9 ,100.8 ,46.3 
Feb-1986,,100.1 ,100.1 ,46.5 ,4.0 ,99.5 ,101.1 ,100.8 ,100.7 ,46.5 
Mar-1986,,100.1 ,100.1 ,46.7 ,4.0 ,99.5 ,101.2 ,100.7 ,100.6 ,46.6 
Apr-1986,,100.1 ,100.1 ,46.8 ,4.0 ,99.5 ,101.2 ,100.6 ,100.5 ,46.8 
May-1986,,100.1 ,100.1 ,47.0 ,4.0 ,99.5 ,101.3 ,100.5 ,100.5 ,46.9 
Jun-1986,,100.0 ,100.0 ,47.1 ,4.0 ,99.4 ,101.4 ,100.4 ,100.4 ,47.1 
Jul-1986,,100.0 ,100.0 ,47.2 ,3.9 ,99.4 ,101.3 ,100.3 ,100.3 ,47.2 
Aug-1986,,99.9 ,99.9 ,47.3 ,3.9 ,99.5 ,101.1 ,100.2 ,100.2 ,47.4 
Sep-1986,,99.9 ,99.9 ,47.5 ,3.9 ,99.6 ,100.9 ,100.1 ,100.2 ,47.5 
Oct-1986,,99.8 ,99.9 ,47.6 ,3.8 ,99.6 ,100.9 ,100.1 ,100.1 ,47.7 
Nov-1986,,99.9 ,99.9 ,47.8 ,3.8 ,99.6 ,100.7 ,100.0 ,100.0 ,47.8 
Dec-1986,,99.9 ,99.9 ,48.0 ,3.8 ,99.7 ,100.5 ,99.9 ,99.9 ,48.0 
Jan-1987,,100.1 ,100.1 ,48.2 ,3.9 ,99.9 ,100.5 ,99.8 ,99.9 ,48.1 
Feb-1987,,100.3 ,100.3 ,48.4 ,4.1 ,100.1 ,100.5 ,99.8 ,99.9 ,48.3 
Mar-1987,,100.5 ,100.5 ,48.7 ,4.3 ,100.3 ,100.6 ,99.8 ,99.9 ,48.4 
Apr-1987,,100.7 ,100.6 ,48.9 ,4.5 ,100.5 ,100.7 ,99.8 ,99.9 ,48.6 
May-1987,,100.9 ,100.8 ,49.2 ,4.7 ,100.8 ,100.7 ,99.8 ,99.9 ,48.7 
Jun-1987,,101.0 ,100.9 ,49.4 ,4.8 ,100.9 ,100.8 ,99.9 ,99.9 ,48.9 
Jul-1987,,101.1 ,100.9 ,49.5 ,4.9 ,101.1 ,100.9 ,100.0 ,100.0 ,49.0 
Aug-1987,,101.0 ,100.9 ,49.7 ,4.9 ,101.3 ,100.9 ,100.1 ,100.1 ,49.2 
Sep-1987,,100.9 ,100.8 ,49.7 ,4.8 ,101.5 ,100.7 ,100.2 ,100.2 ,49.3 
Oct-1987,,100.7 ,100.6 ,49.8 ,4.6 ,101.6 ,100.4 ,100.3 ,100.3 ,49.5 
Nov-1987,,100.5 ,100.4 ,49.8 ,4.4 ,101.5 ,100.1 ,100.4 ,100.4 ,49.6 
Dec-1987,,100.4 ,100.3 ,49.9 ,4.1 ,101.4 ,100.1 ,100.5 ,100.4 ,49.7 
Jan-1988,,100.3 ,100.3 ,50.0 ,3.8 ,101.0 ,100.4 ,100.5 ,100.5 ,49.9 
Feb-1988,,100.3 ,100.3 ,50.2 ,3.6 ,100.7 ,100.7 ,100.6 ,100.5 ,50.0 
Mar-1988,,100.3 ,100.3 ,50.3 ,3.3 ,100.5 ,100.8 ,100.6 ,100.6 ,50.2 
Apr-1988,,100.4 ,100.4 ,50.5 ,3.2 ,100.5 ,100.9 ,100.7 ,100.6 ,50.3 
May-1988,,100.5 ,100.4 ,50.7 ,3.0 ,100.7 ,101.0 ,100.7 ,100.6 ,50.4 
Jun-1988,,100.5 ,100.5 ,50.8 ,3.0 ,101.0 ,101.0 ,100.7 ,100.7 ,50.6 
Jul-1988,,100.6 ,100.5 ,51.0 ,2.9 ,100.9 ,101.1 ,100.8 ,100.7 ,50.7 
Aug-1988,,100.6 ,100.5 ,51.1 ,3.0 ,100.7 ,101.2 ,100.9 ,100.8 ,50.8 
Sep-1988,,100.6 ,100.5 ,51.3 ,3.1 ,100.5 ,101.2 ,100.9 ,100.8 ,51.0 
Oct-1988,,100.6 ,100.5 ,51.4 ,3.2 ,100.5 ,101.0 ,101.1 ,100.9 ,51.1 
Nov-1988,,100.6 ,100.5 ,51.5 ,3.4 ,100.5 ,100.9 ,101.2 ,101.0 ,51.2 
Dec-1988,,100.6 ,100.5 ,51.6 ,3.4 ,100.5 ,101.0 ,101.3 ,101.1 ,51.3 
Jan-1989,,100.5 ,100.5 ,51.7 ,3.4 ,100.3 ,101.1 ,101.4 ,101.2 ,51.5 
Feb-1989,,100.4 ,100.4 ,51.8 ,3.3 ,100.1 ,101.1 ,101.5 ,101.3 ,51.6 
Mar-1989,,100.3 ,100.2 ,51.8 ,3.0 ,99.8 ,100.9 ,101.5 ,101.3 ,51.7 
Apr-1989,,100.1 ,100.1 ,51.9 ,2.7 ,99.5 ,100.7 ,101.6 ,101.4 ,51.8 
May-1989,,99.9 ,99.9 ,51.9 ,2.4 ,99.1 ,100.6 ,101.6 ,101.4 ,51.9 
Jun-1989,,99.8 ,99.8 ,52.0 ,2.2 ,98.7 ,100.6 ,101.6 ,101.4 ,52.1 
Jul-1989,,99.7 ,99.7 ,52.0 ,2.0 ,98.4 ,100.6 ,101.6 ,101.4 ,52.2 
Aug-1989,,99.7 ,99.7 ,52.1 ,1.9 ,98.3 ,100.7 ,101.6 ,101.4 ,52.3 
Sep-1989,,99.7 ,99.7 ,52.2 ,1.9 ,98.3 ,100.9 ,101.5 ,101.3 ,52.4 
Oct-1989,,99.7 ,99.7 ,52.4 ,1.9 ,98.4 ,100.8 ,101.5 ,101.3 ,52.5 
Nov-1989,,99.7 ,99.8 ,52.5 ,1.9 ,98.5 ,100.7 ,101.5 ,101.3 ,52.6 
Dec-1989,,99.8 ,99.8 ,52.6 ,1.9 ,98.7 ,100.6 ,101.5 ,101.3 ,52.7 
Jan-1990,,99.8 ,99.8 ,52.7 ,1.9 ,98.8 ,100.6 ,101.5 ,101.3 ,52.8 
Feb-1990,,99.8 ,99.8 ,52.9 ,2.0 ,99.0 ,100.6 ,101.6 ,101.4 ,53.0 
Mar-1990,,99.8 ,99.8 ,53.0 ,2.2 ,99.2 ,100.7 ,101.6 ,101.4 ,53.1 
Apr-1990,,99.7 ,99.8 ,53.0 ,2.2 ,99.2 ,100.7 ,101.5 ,101.3 ,53.2 
May-1990,,99.6 ,99.6 ,53.0 ,2.2 ,99.2 ,100.6 ,101.4 ,101.2 ,53.3 
Jun-1990,,99.3 ,99.4 ,53.0 ,2.0 ,99.0 ,100.3 ,101.2 ,101.1 ,53.4 
Jul-1990,,98.9 ,99.0 ,52.9 ,1.6 ,98.7 ,99.8 ,101.0 ,100.9 ,53.5 
Aug-1990,,98.4 ,98.6 ,52.7 ,1.1 ,98.3 ,99.0 ,100.7 ,100.6 ,53.6 
Sep-1990,,97.9 ,98.1 ,52.6 ,0.6 ,98.0 ,98.3 ,100.3 ,100.3 ,53.7 
Oct-1990,,97.5 ,97.8 ,52.4 ,0.1 ,97.7 ,97.7 ,99.9 ,100.0 ,53.8 
Nov-1990,,97.2 ,97.5 ,52.4 ,-0.2 ,97.4 ,97.5 ,99.5 ,99.7 ,53.9 
Dec-1990,,97.1 ,97.4 ,52.4 ,-0.4 ,97.1 ,97.5 ,99.2 ,99.4 ,54.0 
Jan-1991,,97.1 ,97.4 ,52.5 ,-0.4 ,96.9 ,97.9 ,98.9 ,99.1 ,54.1 
Feb-1991,,97.4 ,97.6 ,52.8 ,-0.2 ,96.9 ,98.5 ,98.7 ,98.9 ,54.2 
Mar-1991,,97.7 ,97.9 ,53.0 ,0.2 ,97.2 ,99.3 ,98.6 ,98.8 ,54.3 
Apr-1991,,98.1 ,98.3 ,53.4 ,0.6 ,97.7 ,99.5 ,98.5 ,98.8 ,54.4 
May-1991,,98.4 ,98.6 ,53.7 ,1.2 ,98.3 ,99.5 ,98.5 ,98.7 ,54.5 
Jun-1991,,98.8 ,98.9 ,53.9 ,1.8 ,99.0 ,99.5 ,98.4 ,98.7 ,54.6 
Jul-1991,,99.0 ,99.1 ,54.2 ,2.5 ,99.5 ,99.6 ,98.4 ,98.7 ,54.7 
Aug-1991,,99.2 ,99.3 ,54.4 ,3.2 ,99.9 ,99.6 ,98.4 ,98.7 ,54.8 
Sep-1991,,99.2 ,99.3 ,54.5 ,3.7 ,100.0 ,99.3 ,98.4 ,98.7 ,54.9 
Oct-1991,,99.1 ,99.2 ,54.6 ,4.1 ,99.8 ,98.9 ,98.4 ,98.7 ,55.1 
Nov-1991,,99.1 ,99.2 ,54.6 ,4.3 ,99.2 ,98.3 ,98.5 ,98.7 ,55.2 
Dec-1991,,99.0 ,99.1 ,54.7 ,4.4 ,98.9 ,97.9 ,98.6 ,98.8 ,55.3 
Jan-1992,,99.1 ,99.2 ,54.9 ,4.4 ,99.0 ,97.9 ,98.7 ,98.9 ,55.4 
Feb-1992,,99.2 ,99.3 ,55.1 ,4.3 ,99.5 ,98.1 ,98.8 ,99.0 ,55.5 
Mar-1992,,99.4 ,99.4 ,55.3 ,4.2 ,100.0 ,98.6 ,99.0 ,99.2 ,55.6 
Apr-1992,,99.5 ,99.6 ,55.5 ,4.0 ,100.2 ,98.9 ,99.1 ,99.3 ,55.7 
May-1992,,99.6 ,99.7 ,55.6 ,3.7 ,100.3 ,99.1 ,99.3 ,99.4 ,55.9 
Jun-1992,,99.7 ,99.7 ,55.8 ,3.4 ,100.2 ,99.1 ,99.4 ,99.5 ,56.0 
Jul-1992,,99.7 ,99.7 ,55.9 ,3.1 ,100.0 ,98.9 ,99.5 ,99.7 ,56.1 
Aug-1992,,99.6 ,99.7 ,56.0 ,3.0 ,99.8 ,98.8 ,99.7 ,99.7 ,56.2 
Sep-1992,,99.7 ,99.7 ,56.2 ,3.0 ,99.5 ,98.8 ,99.7 ,99.8 ,56.3 
Oct-1992,,99.8 ,99.8 ,56.3 ,3.2 ,99.6 ,99.0 ,99.8 ,99.9 ,56.5 
Nov-1992,,99.9 ,99.9 ,56.6 ,3.5 ,99.9 ,99.7 ,99.8 ,99.9 ,56.6 
Dec-1992,,100.1 ,100.1 ,56.8 ,3.7 ,100.2 ,100.2 ,99.7 ,99.8 ,56.7 
Jan-1993,,100.1 ,100.1 ,56.9 ,3.7 ,100.4 ,100.3 ,99.7 ,99.8 ,56.9 
Feb-1993,,100.1 ,100.1 ,57.1 ,3.6 ,100.3 ,100.2 ,99.6 ,99.7 ,57.0 
Mar-1993,,100.0 ,100.0 ,57.1 ,3.4 ,100.0 ,100.0 ,99.5 ,99.6 ,57.1 
Apr-1993,,99.9 ,99.9 ,57.2 ,3.1 ,99.6 ,99.8 ,99.4 ,99.5 ,57.3 
May-1993,,99.7 ,99.8 ,57.2 ,2.9 ,99.4 ,99.5 ,99.3 ,99.5 ,57.4 
Jun-1993,,99.6 ,99.6 ,57.3 ,2.7 ,99.3 ,99.3 ,99.3 ,99.4 ,57.5 
Jul-1993,,99.5 ,99.6 ,57.4 ,2.7 ,99.3 ,99.0 ,99.2 ,99.4 ,57.7 
Aug-1993,,99.5 ,99.6 ,57.5 ,2.7 ,99.4 ,99.0 ,99.3 ,99.4 ,57.8 
Sep-1993,,99.6 ,99.7 ,57.7 ,2.8 ,99.6 ,99.1 ,99.3 ,99.5 ,58.0 
Oct-1993,,99.8 ,99.8 ,58.0 ,2.9 ,99.9 ,99.4 ,99.4 ,99.6 ,58.1 
Nov-1993,,100.1 ,100.1 ,58.3 ,3.1 ,100.2 ,99.7 ,99.6 ,99.7 ,58.3 
Dec-1993,,100.3 ,100.3 ,58.6 ,3.2 ,100.4 ,100.2 ,99.7 ,99.8 ,58.4 
Jan-1994,,100.6 ,100.5 ,58.9 ,3.5 ,100.6 ,100.7 ,99.8 ,99.9 ,58.6 
Feb-1994,,100.8 ,100.7 ,59.2 ,3.7 ,100.7 ,100.8 ,99.9 ,100.0 ,58.7 
Mar-1994,,100.9 ,100.8 ,59.4 ,4.0 ,100.8 ,100.8 ,100.1 ,100.1 ,58.9 
Apr-1994,,101.0 ,100.9 ,59.6 ,4.3 ,101.0 ,100.8 ,100.2 ,100.2 ,59.0 
May-1994,,101.1 ,101.0 ,59.8 ,4.5 ,101.1 ,100.7 ,100.2 ,100.2 ,59.2 
Jun-1994,,101.1 ,101.0 ,60.0 ,4.7 ,101.2 ,100.6 ,100.3 ,100.3 ,59.3 
Jul-1994,,101.0 ,100.9 ,60.1 ,4.8 ,101.2 ,100.5 ,100.3 ,100.3 ,59.5 
Aug-1994,,101.0 ,100.9 ,60.3 ,4.7 ,101.2 ,100.6 ,100.3 ,100.3 ,59.7 
Sep-1994,,100.9 ,100.8 ,60.4 ,4.6 ,101.3 ,100.7 ,100.3 ,100.3 ,59.8 
Oct-1994,,100.8 ,100.7 ,60.5 ,4.3 ,101.3 ,100.8 ,100.3 ,100.3 ,60.0 
Nov-1994,,100.7 ,100.6 ,60.6 ,3.9 ,101.2 ,100.9 ,100.3 ,100.3 ,60.2 
Dec-1994,,100.5 ,100.4 ,60.6 ,3.5 ,100.9 ,101.1 ,100.2 ,100.2 ,60.3 
Jan-1995,,100.2 ,100.2 ,60.7 ,3.0 ,100.7 ,101.1 ,100.1 ,100.1 ,60.5 
Feb-1995,,99.9 ,99.9 ,60.6 ,2.5 ,100.3 ,101.0 ,99.9 ,100.0 ,60.7 
Mar-1995,,99.6 ,99.6 ,60.6 ,2.0 ,99.8 ,100.8 ,99.8 ,99.9 ,60.9 
Apr-1995,,99.2 ,99.3 ,60.6 ,1.6 ,99.3 ,100.7 ,99.6 ,99.7 ,61.1 
May-1995,,99.0 ,99.1 ,60.6 ,1.3 ,98.9 ,100.7 ,99.5 ,99.6 ,61.2 
Jun-1995,,98.8 ,98.9 ,60.7 ,1.2 ,98.7 ,100.8 ,99.4 ,99.5 ,61.4 
Jul-1995,,98.7 ,98.9 ,60.8 ,1.1 ,98.8 ,100.9 ,99.3 ,99.5 ,61.6 
Aug-1995,,98.6 ,98.8 ,61.0 ,1.1 ,98.8 ,100.9 ,99.2 ,99.4 ,61.8 
Sep-1995,,98.6 ,98.7 ,61.1 ,1.2 ,98.7 ,100.6 ,99.2 ,99.3 ,62.0 
Oct-1995,,98.5 ,98.7 ,61.3 ,1.3 ,98.6 ,100.5 ,99.1 ,99.3 ,62.2 
Nov-1995,,98.5 ,98.7 ,61.4 ,1.4 ,98.4 ,100.4 ,99.1 ,99.2 ,62.4 
Dec-1995,,98.5 ,98.7 ,61.6 ,1.6 ,98.3 ,100.4 ,99.0 ,99.2 ,62.6 
Jan-1996,,98.6 ,98.8 ,61.9 ,2.0 ,98.3 ,100.4 ,99.1 ,99.2 ,62.8 
Feb-1996,,98.7 ,98.9 ,62.2 ,2.5 ,98.4 ,100.5 ,99.1 ,99.3 ,62.9 
Mar-1996,,98.9 ,99.0 ,62.5 ,3.0 ,98.6 ,100.7 ,99.2 ,99.3 ,63.1 
Apr-1996,,99.1 ,99.2 ,62.8 ,3.6 ,99.0 ,100.7 ,99.3 ,99.4 ,63.3 
May-1996,,99.2 ,99.3 ,63.1 ,4.1 ,99.3 ,100.7 ,99.4 ,99.5 ,63.6 
Jun-1996,,99.4 ,99.5 ,63.4 ,4.4 ,99.5 ,100.8 ,99.4 ,99.6 ,63.8 
Jul-1996,,99.5 ,99.5 ,63.6 ,4.6 ,99.5 ,100.9 ,99.5 ,99.6 ,64.0 
Aug-1996,,99.6 ,99.6 ,63.9 ,4.8 ,99.5 ,101.1 ,99.5 ,99.6 ,64.2 
Sep-1996,,99.6 ,99.7 ,64.1 ,5.0 ,99.5 ,101.2 ,99.5 ,99.6 ,64.4 
Oct-1996,,99.7 ,99.7 ,64.4 ,5.1 ,99.6 ,101.3 ,99.5 ,99.6 ,64.6 
Nov-1996,,99.8 ,99.8 ,64.7 ,5.3 ,99.9 ,101.4 ,99.5 ,99.6 ,64.8 
Dec-1996,,99.9 ,99.9 ,64.9 ,5.4 ,100.1 ,101.4 ,99.4 ,99.6 ,65.0 
Jan-1997,,100.0 ,100.0 ,65.2 ,5.4 ,100.1 ,101.5 ,99.4 ,99.6 ,65.2 
Feb-1997,,100.1 ,100.1 ,65.5 ,5.4 ,100.1 ,101.6 ,99.5 ,99.6 ,65.5 
Mar-1997,,100.3 ,100.2 ,65.8 ,5.4 ,100.1 ,101.7 ,99.5 ,99.6 ,65.7 
Apr-1997,,100.4 ,100.3 ,66.1 ,5.4 ,100.2 ,101.9 ,99.6 ,99.7 ,65.9 
May-1997,,100.5 ,100.5 ,66.5 ,5.4 ,100.4 ,102.1 ,99.8 ,99.8 ,66.1 
Jun-1997,,100.7 ,100.6 ,66.8 ,5.4 ,100.6 ,102.2 ,99.9 ,99.9 ,66.3 
Jul-1997,,100.8 ,100.7 ,67.1 ,5.4 ,100.7 ,102.4 ,99.9 ,100.0 ,66.5 
Aug-1997,,100.9 ,100.8 ,67.4 ,5.4 ,100.6 ,102.4 ,100.0 ,100.0 ,66.8 
Sep-1997,,100.9 ,100.8 ,67.6 ,5.4 ,100.5 ,102.4 ,100.0 ,100.0 ,67.0 
Oct-1997,,101.0 ,100.9 ,67.9 ,5.4 ,100.5 ,102.4 ,100.0 ,100.0 ,67.2 
Nov-1997,,101.0 ,100.9 ,68.1 ,5.3 ,100.5 ,102.3 ,100.0 ,100.0 ,67.4 
Dec-1997,,100.9 ,100.8 ,68.3 ,5.2 ,100.3 ,102.3 ,100.0 ,100.0 ,67.7 
Jan-1998,,100.9 ,100.8 ,68.5 ,5.0 ,100.1 ,102.5 ,99.9 ,100.0 ,67.9 
Feb-1998,,100.8 ,100.7 ,68.7 ,4.8 ,100.0 ,102.6 ,99.9 ,100.0 ,68.1 
Mar-1998,,100.7 ,100.6 ,68.8 ,4.6 ,99.9 ,102.6 ,99.9 ,100.0 ,68.3 
Apr-1998,,100.6 ,100.5 ,69.0 ,4.3 ,99.7 ,102.6 ,99.9 ,100.0 ,68.6 
May-1998,,100.4 ,100.3 ,69.1 ,3.9 ,99.4 ,102.5 ,100.0 ,100.0 ,68.8 
Jun-1998,,100.2 ,100.2 ,69.2 ,3.6 ,99.2 ,102.4 ,100.0 ,100.1 ,69.0 
Jul-1998,,100.0 ,100.0 ,69.2 ,3.2 ,99.1 ,102.3 ,100.1 ,100.1 ,69.2 
Aug-1998,,99.8 ,99.9 ,69.4 ,3.0 ,99.0 ,102.1 ,100.2 ,100.2 ,69.5 
Sep-1998,,99.7 ,99.8 ,69.5 ,2.8 ,99.0 ,101.8 ,100.4 ,100.4 ,69.7 
Oct-1998,,99.7 ,99.8 ,69.7 ,2.7 ,98.9 ,101.7 ,100.5 ,100.5 ,69.9 
Nov-1998,,99.8 ,99.9 ,70.0 ,2.8 ,98.8 ,101.8 ,100.6 ,100.6 ,70.1 
Dec-1998,,100.0 ,100.0 ,70.4 ,3.0 ,98.9 ,101.9 ,100.7 ,100.6 ,70.4 
Jan-1999,,100.2 ,100.2 ,70.7 ,3.3 ,99.2 ,102.2 ,100.7 ,100.7 ,70.6 
Feb-1999,,100.4 ,100.4 ,71.1 ,3.6 ,99.5 ,102.4 ,100.8 ,100.7 ,70.8 
Mar-1999,,100.6 ,100.6 ,71.5 ,3.8 ,99.8 ,102.4 ,100.8 ,100.7 ,71.0 
Apr-1999,,100.8 ,100.7 ,71.8 ,4.1 ,99.9 ,102.4 ,100.8 ,100.7 ,71.2 
May-1999,,100.9 ,100.8 ,72.1 ,4.4 ,100.2 ,102.5 ,100.9 ,100.8 ,71.5 
Jun-1999,,101.0 ,100.9 ,72.4 ,4.7 ,100.3 ,102.5 ,100.9 ,100.8 ,71.7 
Jul-1999,,101.1 ,101.0 ,72.7 ,5.0 ,100.3 ,102.4 ,101.1 ,100.9 ,71.9 
Aug-1999,,101.2 ,101.0 ,73.0 ,5.2 ,100.5 ,102.3 ,101.2 ,101.1 ,72.1 
Sep-1999,,101.2 ,101.1 ,73.2 ,5.3 ,100.7 ,102.3 ,101.3 ,101.2 ,72.3 
Oct-1999,,101.3 ,101.1 ,73.5 ,5.3 ,100.9 ,102.3 ,101.5 ,101.3 ,72.5 
Nov-1999,,101.3 ,101.2 ,73.7 ,5.3 ,101.0 ,102.4 ,101.6 ,101.4 ,72.7 
Dec-1999,,101.4 ,101.2 ,73.9 ,5.1 ,101.0 ,102.6 ,101.7 ,101.5 ,72.9 
Jan-2000,,101.4 ,101.2 ,74.1 ,4.8 ,100.8 ,102.8 ,101.7 ,101.5 ,73.1 
Feb-2000,,101.3 ,101.2 ,74.3 ,4.5 ,100.6 ,102.9 ,101.8 ,101.6 ,73.3 
Mar-2000,,101.2 ,101.1 ,74.4 ,4.2 ,100.4 ,102.8 ,101.9 ,101.6 ,73.6 
Apr-2000,,101.1 ,101.0 ,74.6 ,3.8 ,100.2 ,102.8 ,102.0 ,101.7 ,73.8 
May-2000,,100.9 ,100.8 ,74.7 ,3.5 ,100.0 ,102.8 ,102.0 ,101.8 ,73.9 
Jun-2000,,100.8 ,100.7 ,74.7 ,3.2 ,99.8 ,102.7 ,102.0 ,101.8 ,74.1 
Jul-2000,,100.6 ,100.5 ,74.8 ,2.9 ,99.6 ,102.6 ,102.0 ,101.7 ,74.3 
Aug-2000,,100.4 ,100.3 ,74.8 ,2.6 ,99.4 ,102.6 ,101.9 ,101.6 ,74.5 
Sep-2000,,100.1 ,100.1 ,74.8 ,2.2 ,99.2 ,102.5 ,101.7 ,101.5 ,74.7 
Oct-2000,,99.8 ,99.8 ,74.8 ,1.8 ,99.0 ,102.4 ,101.6 ,101.4 ,74.9 
Nov-2000,,99.5 ,99.5 ,74.7 ,1.4 ,98.6 ,102.2 ,101.4 ,101.2 ,75.1 
Dec-2000,,99.1 ,99.2 ,74.6 ,0.9 ,98.0 ,101.6 ,101.2 ,101.0 ,75.3 
Jan-2001,,98.8 ,98.9 ,74.5 ,0.5 ,97.6 ,101.1 ,100.9 ,100.8 ,75.5 
Feb-2001,,98.5 ,98.7 ,74.5 ,0.3 ,97.4 ,100.7 ,100.7 ,100.6 ,75.7 
Mar-2001,,98.3 ,98.5 ,74.6 ,0.2 ,97.5 ,100.5 ,100.5 ,100.5 ,75.8 
Apr-2001,,98.2 ,98.4 ,74.7 ,0.2 ,97.6 ,100.5 ,100.3 ,100.3 ,76.0 
May-2001,,98.2 ,98.4 ,74.8 ,0.2 ,97.7 ,100.6 ,100.1 ,100.1 ,76.2 
Jun-2001,,98.2 ,98.4 ,75.0 ,0.4 ,97.9 ,100.7 ,99.9 ,99.9 ,76.4 
Jul-2001,,98.1 ,98.3 ,75.1 ,0.5 ,98.2 ,100.6 ,99.6 ,99.7 ,76.6 
Aug-2001,,98.1 ,98.3 ,75.3 ,0.6 ,98.4 ,100.3 ,99.4 ,99.5 ,76.7 
Sep-2001,,98.0 ,98.2 ,75.4 ,0.8 ,98.3 ,99.9 ,99.2 ,99.4 ,76.9 
Oct-2001,,98.1 ,98.3 ,75.6 ,1.1 ,98.0 ,99.7 ,99.1 ,99.3 ,77.1 
Nov-2001,,98.3 ,98.4 ,75.9 ,1.6 ,98.1 ,99.9 ,99.0 ,99.2 ,77.3 
Dec-2001,,98.5 ,98.7 ,76.3 ,2.3 ,98.5 ,100.2 ,98.9 ,99.1 ,77.5 
Jan-2002,,98.8 ,99.0 ,76.7 ,2.9 ,99.2 ,100.6 ,98.9 ,99.1 ,77.6 
Feb-2002,,99.1 ,99.2 ,77.1 ,3.5 ,99.8 ,100.8 ,98.9 ,99.1 ,77.8 
Mar-2002,,99.4 ,99.4 ,77.5 ,3.9 ,100.2 ,101.0 ,98.9 ,99.1 ,78.0 
Apr-2002,,99.4 ,99.5 ,77.7 ,4.1 ,100.4 ,101.0 ,98.9 ,99.1 ,78.2 
May-2002,,99.4 ,99.5 ,77.9 ,4.1 ,100.4 ,101.0 ,98.8 ,99.1 ,78.3 
Jun-2002,,99.2 ,99.3 ,77.9 ,3.9 ,100.2 ,100.8 ,98.8 ,99.0 ,78.5 
Jul-2002,,98.9 ,99.0 ,77.8 ,3.6 ,99.8 ,100.4 ,98.7 ,98.9 ,78.7 
Aug-2002,,98.6 ,98.8 ,77.8 ,3.3 ,99.6 ,100.1 ,98.6 ,98.8 ,78.9 
Sep-2002,,98.3 ,98.5 ,77.7 ,3.1 ,99.4 ,99.9 ,98.4 ,98.7 ,79.1 
Oct-2002,,98.1 ,98.3 ,77.7 ,2.8 ,99.4 ,99.7 ,98.3 ,98.6 ,79.2 
Nov-2002,,97.9 ,98.2 ,77.8 ,2.5 ,99.4 ,99.7 ,98.2 ,98.5 ,79.4 
Dec-2002,,97.8 ,98.1 ,77.9 ,2.1 ,99.6 ,99.7 ,98.1 ,98.4 ,79.6 
Jan-2003,,97.8 ,98.0 ,78.0 ,1.7 ,99.6 ,99.5 ,98.0 ,98.3 ,79.8 
Feb-2003,,97.7 ,98.0 ,78.2 ,1.3 ,99.2 ,99.4 ,98.0 ,98.3 ,80.0 
Mar-2003,,97.8 ,98.0 ,78.4 ,1.1 ,98.8 ,99.5 ,98.0 ,98.4 ,80.2 
Apr-2003,,97.9 ,98.1 ,78.7 ,1.2 ,98.7 ,99.9 ,98.1 ,98.5 ,80.3 
May-2003,,98.1 ,98.3 ,79.0 ,1.5 ,99.0 ,100.3 ,98.3 ,98.6 ,80.5 
Jun-2003,,98.4 ,98.6 ,79.4 ,2.0 ,99.4 ,100.5 ,98.5 ,98.8 ,80.7 
Jul-2003,,98.8 ,98.9 ,79.9 ,2.6 ,99.8 ,100.5 ,98.7 ,99.0 ,80.9 
Aug-2003,,99.1 ,99.2 ,80.4 ,3.4 ,100.2 ,100.4 ,98.9 ,99.1 ,81.1 
Sep-2003,,99.6 ,99.6 ,80.9 ,4.1 ,100.5 ,100.4 ,99.1 ,99.3 ,81.3 
Oct-2003,,100.0 ,100.0 ,81.4 ,4.8 ,101.0 ,100.5 ,99.3 ,99.4 ,81.5 
Nov-2003,,100.4 ,100.3 ,81.9 ,5.3 ,101.6 ,100.8 ,99.4 ,99.5 ,81.6 
Dec-2003,,100.7 ,100.6 ,82.4 ,5.8 ,102.0 ,101.1 ,99.4 ,99.6 ,81.8 
Jan-2004,,100.9 ,100.8 ,82.8 ,6.1 ,102.1 ,101.4 ,99.5 ,99.6 ,82.0 
Feb-2004,,101.1 ,100.9 ,83.1 ,6.3 ,102.1 ,101.3 ,99.5 ,99.6 ,82.2 
Mar-2004,,101.1 ,101.0 ,83.3 ,6.3 ,102.1 ,101.1 ,99.5 ,99.6 ,82.4 
Apr-2004,,101.1 ,101.0 ,83.5 ,6.2 ,102.1 ,101.0 ,99.5 ,99.6 ,82.6 
May-2004,,101.1 ,101.0 ,83.7 ,5.9 ,102.1 ,100.9 ,99.6 ,99.7 ,82.8 
Jun-2004,,101.0 ,100.9 ,83.8 ,5.5 ,101.9 ,101.0 ,99.6 ,99.7 ,82.9 
Jul-2004,,100.9 ,100.8 ,83.9 ,5.0 ,101.7 ,101.1 ,99.7 ,99.8 ,83.1 
Aug-2004,,100.8 ,100.7 ,84.0 ,4.4 ,101.4 ,101.1 ,99.8 ,99.9 ,83.3 
Sep-2004,,100.7 ,100.6 ,84.1 ,3.9 ,101.1 ,101.0 ,99.9 ,100.0 ,83.5 
Oct-2004,,100.6 ,100.5 ,84.2 ,3.4 ,100.9 ,100.9 ,100.1 ,100.1 ,83.7 
Nov-2004,,100.6 ,100.5 ,84.3 ,2.9 ,100.9 ,101.0 ,100.2 ,100.2 ,83.9 
Dec-2004,,100.6 ,100.5 ,84.5 ,2.6 ,100.9 ,101.1 ,100.3 ,100.3 ,84.0 
Jan-2005,,100.5 ,100.5 ,84.7 ,2.3 ,100.7 ,101.1 ,100.4 ,100.4 ,84.2 
Feb-2005,,100.5 ,100.4 ,84.8 ,2.0 ,100.5 ,100.9 ,100.5 ,100.4 ,84.4 
Mar-2005,,100.4 ,100.3 ,84.9 ,1.9 ,100.3 ,100.7 ,100.5 ,100.5 ,84.6 
Apr-2005,,100.3 ,100.3 ,85.0 ,1.8 ,100.1 ,100.5 ,100.6 ,100.5 ,84.7 
May-2005,,100.3 ,100.3 ,85.2 ,1.8 ,100.0 ,100.6 ,100.6 ,100.5 ,84.9 
Jun-2005,,100.3 ,100.3 ,85.4 ,1.9 ,100.1 ,100.8 ,100.6 ,100.6 ,85.1 
Jul-2005,,100.4 ,100.3 ,85.6 ,2.0 ,100.4 ,100.7 ,100.6 ,100.6 ,85.2 
Aug-2005,,100.5 ,100.4 ,85.8 ,2.2 ,100.5 ,100.1 ,100.7 ,100.6 ,85.4 
Sep-2005,,100.6 ,100.5 ,86.0 ,2.4 ,100.8 ,99.4 ,100.8 ,100.7 ,85.6 
Oct-2005,,100.7 ,100.6 ,86.3 ,2.5 ,100.9 ,99.1 ,100.8 ,100.7 ,85.7 
Nov-2005,,100.9 ,100.8 ,86.6 ,2.7 ,100.8 ,99.5 ,100.9 ,100.8 ,85.9 
Dec-2005,,101.1 ,101.0 ,87.0 ,2.9 ,100.6 ,100.1 ,101.1 ,100.9 ,86.0 
Jan-2006,,101.2 ,101.1 ,87.2 ,3.0 ,100.4 ,100.4 ,101.2 ,101.0 ,86.2 
Feb-2006,,101.3 ,101.2 ,87.4 ,3.1 ,100.4 ,100.3 ,101.3 ,101.1 ,86.3 
Mar-2006,,101.3 ,101.2 ,87.6 ,3.2 ,100.3 ,100.2 ,101.3 ,101.2 ,86.5 
Apr-2006,,101.3 ,101.2 ,87.7 ,3.2 ,100.3 ,100.0 ,101.3 ,101.2 ,86.6 
May-2006,,101.2 ,101.1 ,87.8 ,3.1 ,100.2 ,99.7 ,101.3 ,101.1 ,86.7 
Jun-2006,,101.2 ,101.1 ,87.9 ,3.0 ,100.0 ,99.6 ,101.3 ,101.1 ,86.9 
Jul-2006,,101.2 ,101.0 ,88.0 ,2.8 ,100.0 ,99.7 ,101.2 ,101.1 ,87.0 
Aug-2006,,101.2 ,101.0 ,88.1 ,2.7 ,99.9 ,99.8 ,101.2 ,101.1 ,87.1 
Sep-2006,,101.2 ,101.1 ,88.3 ,2.6 ,99.7 ,100.1 ,101.2 ,101.1 ,87.2 
Oct-2006,,101.3 ,101.2 ,88.5 ,2.5 ,99.5 ,100.5 ,101.3 ,101.1 ,87.4 
Nov-2006,,101.5 ,101.3 ,88.7 ,2.4 ,99.4 ,100.8 ,101.3 ,101.2 ,87.5 
Dec-2006,,101.6 ,101.4 ,89.0 ,2.3 ,99.4 ,100.9 ,101.4 ,101.2 ,87.6 
Jan-2007,,101.7 ,101.5 ,89.2 ,2.3 ,99.3 ,100.9 ,101.4 ,101.2 ,87.7 
Feb-2007,,101.8 ,101.6 ,89.4 ,2.2 ,99.5 ,100.7 ,101.5 ,101.3 ,87.8 
Mar-2007,,101.9 ,101.7 ,89.6 ,2.3 ,99.6 ,100.4 ,101.5 ,101.3 ,87.9 
Apr-2007,,102.1 ,101.8 ,89.8 ,2.4 ,99.8 ,100.2 ,101.6 ,101.4 ,88.0 
May-2007,,102.1 ,101.9 ,90.0 ,2.5 ,99.9 ,100.2 ,101.7 ,101.5 ,88.1 
Jun-2007,,102.2 ,101.9 ,90.1 ,2.5 ,99.9 ,100.1 ,101.8 ,101.6 ,88.2 
Jul-2007,,102.2 ,101.9 ,90.2 ,2.5 ,99.8 ,100.1 ,101.9 ,101.7 ,88.3 
Aug-2007,,102.1 ,101.9 ,90.2 ,2.3 ,99.6 ,99.9 ,102.0 ,101.7 ,88.3 
Sep-2007,,102.0 ,101.8 ,90.2 ,2.1 ,99.4 ,99.6 ,102.1 ,101.8 ,88.4 
Oct-2007,,101.9 ,101.7 ,90.2 ,1.8 ,99.3 ,99.3 ,102.1 ,101.8 ,88.5 
Nov-2007,,101.7 ,101.5 ,90.1 ,1.5 ,99.2 ,99.0 ,102.1 ,101.9 ,88.6 
Dec-2007,,101.6 ,101.4 ,90.1 ,1.3 ,99.1 ,98.8 ,102.1 ,101.8 ,88.7 
Jan-2008,,101.5 ,101.3 ,90.0 ,1.0 ,99.1 ,98.7 ,102.1 ,101.8 ,88.7 
Feb-2008,,101.3 ,101.2 ,90.0 ,0.6 ,99.0 ,98.3 ,102.0 ,101.8 ,88.8 
Mar-2008,,101.2 ,101.0 ,89.9 ,0.3 ,99.0 ,97.8 ,102.0 ,101.7 ,88.9 
Apr-2008,,100.9 ,100.8 ,89.8 ,-0.0 ,99.1 ,97.3 ,101.9 ,101.7 ,88.9 
May-2008,,100.7 ,100.6 ,89.6 ,-0.4 ,99.2 ,96.9 ,101.8 ,101.6 ,89.0 
Jun-2008,,100.3 ,100.2 ,89.3 ,-0.9 ,99.3 ,96.8 ,101.6 ,101.4 ,89.0 
Jul-2008,,99.7 ,99.8 ,88.9 ,-1.5 ,99.2 ,97.0 ,101.3 ,101.1 ,89.1 
Aug-2008,,99.0 ,99.1 ,88.3 ,-2.1 ,98.8 ,97.2 ,100.9 ,100.8 ,89.2 
Sep-2008,,98.2 ,98.4 ,87.6 ,-2.9 ,97.9 ,97.3 ,100.4 ,100.3 ,89.2 
Oct-2008,,97.2 ,97.6 ,86.8 ,-3.7 ,96.9 ,96.9 ,99.8 ,99.8 ,89.3 
Nov-2008,,96.4 ,96.8 ,86.1 ,-4.5 ,96.2 ,96.7 ,99.2 ,99.3 ,89.3 
Dec-2008,,95.6 ,96.1 ,85.5 ,-5.1 ,95.7 ,96.7 ,98.6 ,98.9 ,89.4 
Jan-2009,,95.1 ,95.6 ,85.0 ,-5.6 ,95.8 ,96.7 ,98.2 ,98.5 ,89.4 
Feb-2009,,94.8 ,95.4 ,84.8 ,-5.7 ,96.0 ,96.7 ,97.8 ,98.2 ,89.5 
Mar-2009,,94.7 ,95.3 ,84.8 ,-5.6 ,96.4 ,96.9 ,97.5 ,97.9 ,89.6 
Apr-2009,,94.9 ,95.5 ,85.1 ,-5.2 ,97.0 ,97.3 ,97.4 ,97.8 ,89.6 
May-2009,,95.3 ,95.9 ,85.5 ,-4.6 ,97.7 ,97.7 ,97.3 ,97.7 ,89.7 
Jun-2009,,95.8 ,96.3 ,86.0 ,-3.7 ,98.4 ,97.9 ,97.3 ,97.7 ,89.7 
Jul-2009,,96.4 ,96.8 ,86.6 ,-2.6 ,99.0 ,97.8 ,97.3 ,97.8 ,89.8 
Aug-2009,,97.0 ,97.3 ,87.1 ,-1.3 ,99.6 ,97.9 ,97.5 ,97.9 ,89.9 
Sep-2009,,97.5 ,97.8 ,87.7 ,0.1 ,100.0 ,98.1 ,97.6 ,98.0 ,89.9 
Oct-2009,,98.0 ,98.2 ,88.2 ,1.6 ,100.2 ,98.1 ,97.8 ,98.2 ,90.0 
Nov-2009,,98.4 ,98.6 ,88.6 ,3.0 ,100.3 ,98.1 ,98.0 ,98.4 ,90.1 
Dec-2009,,98.8 ,99.0 ,89.1 ,4.2 ,100.6 ,98.3 ,98.2 ,98.5 ,90.1 
Jan-2010,,99.2 ,99.3 ,89.5 ,5.2 ,100.9 ,98.4 ,98.4 ,98.7 ,90.2 
Feb-2010,,99.5 ,99.5 ,89.8 ,5.9 ,101.1 ,98.5 ,98.6 ,98.8 ,90.3 
Mar-2010,,99.6 ,99.7 ,90.0 ,6.1 ,101.3 ,98.5 ,98.8 ,99.0 ,90.4 
Apr-2010,,99.7 ,99.7 ,90.2 ,6.0 ,101.3 ,98.5 ,98.9 ,99.1 ,90.4 
May-2010,,99.7 ,99.7 ,90.2 ,5.5 ,101.0 ,98.5 ,99.1 ,99.3 ,90.5 
Jun-2010,,99.6 ,99.6 ,90.2 ,4.9 ,100.6 ,98.4 ,99.3 ,99.4 ,90.6 
Jul-2010,,99.5 ,99.6 ,90.3 ,4.3 ,100.4 ,98.1 ,99.4 ,99.6 ,90.7 
Aug-2010,,99.5 ,99.6 ,90.3 ,3.7 ,100.4 ,97.9 ,99.6 ,99.7 ,90.8 
Sep-2010,,99.6 ,99.6 ,90.5 ,3.2 ,100.5 ,97.9 ,99.6 ,99.7 ,90.9 
Oct-2010,,99.7 ,99.7 ,90.7 ,2.9 ,100.8 ,98.0 ,99.7 ,99.8 ,91.0 
Nov-2010,,99.9 ,99.9 ,91.0 ,2.6 ,101.0 ,98.2 ,99.7 ,99.7 ,91.1 
Dec-2010,,100.1 ,100.1 ,91.2 ,2.4 ,101.2 ,98.5 ,99.6 ,99.7 ,91.2 
Jan-2011,,100.3 ,100.2 ,91.5 ,2.3 ,101.4 ,98.6 ,99.5 ,99.7 ,91.3 
Feb-2011,,100.4 ,100.3 ,91.7 ,2.1 ,101.4 ,98.5 ,99.5 ,99.6 ,91.4 
Mar-2011,,100.4 ,100.3 ,91.8 ,2.0 ,101.3 ,98.3 ,99.4 ,99.6 ,91.5 
Apr-2011,,100.2 ,100.2 ,91.8 ,1.8 ,101.1 ,98.2 ,99.4 ,99.5 ,91.6 
May-2011,,100.0 ,100.0 ,91.7 ,1.7 ,100.6 ,98.2 ,99.4 ,99.5 ,91.7 
Jun-2011,,99.8 ,99.8 ,91.6 ,1.5 ,100.4 ,97.9 ,99.4 ,99.5 ,91.8 
Jul-2011,,99.5 ,99.5 ,91.4 ,1.3 ,100.1 ,97.3 ,99.4 ,99.5 ,91.9 
Aug-2011,,99.2 ,99.3 ,91.3 ,1.1 ,99.9 ,96.8 ,99.4 ,99.6 ,92.0 
Sep-2011,,99.1 ,99.2 ,91.3 ,0.9 ,99.8 ,96.7 ,99.5 ,99.6 ,92.2 
Oct-2011,,99.1 ,99.2 ,91.5 ,0.8 ,99.7 ,97.0 ,99.7 ,99.8 ,92.3 
Nov-2011,,99.3 ,99.4 ,91.7 ,0.8 ,99.7 ,97.4 ,99.8 ,99.9 ,92.4 
Dec-2011,,99.5 ,99.5 ,92.1 ,0.9 ,99.8 ,98.0 ,100.0 ,100.0 ,92.5 
Jan-2012,,99.7 ,99.7 ,92.4 ,1.0 ,99.9 ,98.5 ,100.1 ,100.1 ,92.7 
Feb-2012,,99.9 ,99.9 ,92.7 ,1.1 ,100.1 ,98.7 ,100.2 ,100.2 ,92.8 
Mar-2012,,99.9 ,99.9 ,92.9 ,1.2 ,100.1 ,98.9 ,100.2 ,100.2 ,92.9 
Apr-2012,,99.9 ,99.9 ,93.0 ,1.3 ,100.1 ,98.9 ,100.2 ,100.2 ,93.1 
May-2012,,99.8 ,99.8 ,93.0 ,1.4 ,99.9 ,98.8 ,100.2 ,100.2 ,93.2 
Jun-2012,,99.7 ,99.7 ,93.1 ,1.6 ,99.6 ,98.6 ,100.2 ,100.2 ,93.3 
Jul-2012,,99.6 ,99.7 ,93.1 ,1.8 ,99.4 ,98.5 ,100.1 ,100.1 ,93.5 
Aug-2012,,99.6 ,99.6 ,93.2 ,2.1 ,99.4 ,98.7 ,100.0 ,100.0 ,93.6 
Sep-2012,,99.6 ,99.7 ,93.4 ,2.3 ,99.4 ,99.0 ,99.9 ,100.0 ,93.8 
Oct-2012,,99.7 ,99.7 ,93.6 ,2.3 ,99.3 ,99.3 ,99.9 ,99.9 ,93.9 
Nov-2012,,99.8 ,99.8 ,93.9 ,2.3 ,99.3 ,99.2 ,99.8 ,99.9 ,94.1 
Dec-2012,,99.9 ,99.9 ,94.1 ,2.2 ,99.4 ,98.9 ,99.8 ,99.9 ,94.2 
Jan-2013,,100.0 ,100.0 ,94.4 ,2.2 ,99.8 ,98.7 ,99.8 ,99.9 ,94.4 
Feb-2013,,100.2 ,100.2 ,94.7 ,2.2 ,99.9 ,98.8 ,99.8 ,99.9 ,94.5 
Mar-2013,,100.3 ,100.3 ,95.0 ,2.3 ,99.8 ,99.0 ,99.8 ,99.9 ,94.7 
Apr-2013,,100.4 ,100.4 ,95.3 ,2.5 ,99.6 ,99.2 ,99.8 ,99.9 ,94.8 
May-2013,,100.5 ,100.5 ,95.5 ,2.7 ,99.5 ,99.6 ,99.8 ,99.9 ,95.0 
Jun-2013,,100.6 ,100.6 ,95.8 ,2.9 ,99.8 ,99.7 ,99.8 ,99.9 ,95.2 
Jul-2013,,100.7 ,100.6 ,96.0 ,3.1 ,100.1 ,99.7 ,99.9 ,99.9 ,95.3 
Aug-2013,,100.7 ,100.6 ,96.2 ,3.2 ,100.4 ,99.4 ,99.9 ,99.9 ,95.5 
Sep-2013,,100.7 ,100.6 ,96.4 ,3.2 ,100.5 ,99.0 ,99.9 ,99.9 ,95.7 
Oct-2013,,100.7 ,100.6 ,96.5 ,3.1 ,100.5 ,98.8 ,99.9 ,99.9 ,95.8 
Nov-2013,,100.7 ,100.6 ,96.7 ,3.0 ,100.5 ,98.9 ,99.8 ,99.9 ,96.0 
Dec-2013,,100.7 ,100.6 ,96.9 ,2.9 ,100.4 ,99.2 ,99.7 ,99.8 ,96.2 
Jan-2014,,100.7 ,100.6 ,97.0 ,2.8 ,100.2 ,99.4 ,99.7 ,99.7 ,96.4 
Feb-2014,,100.7 ,100.6 ,97.2 ,2.7 ,100.2 ,99.4 ,99.6 ,99.7 ,96.5 
Mar-2014,,100.8 ,100.7 ,97.4 ,2.6 ,100.3 ,99.5 ,99.7 ,99.8 ,96.7 
Apr-2014,,100.8 ,100.7 ,97.7 ,2.5 ,100.4 ,99.6 ,99.8 ,99.8 ,96.9 
May-2014,,100.9 ,100.8 ,97.9 ,2.5 ,100.5 ,99.5 ,99.9 ,100.0 ,97.1 
Jun-2014,,100.9 ,100.8 ,98.1 ,2.4 ,100.5 ,99.5 ,100.1 ,100.1 ,97.2 
Jul-2014,,100.9 ,100.8 ,98.3 ,2.4 ,100.7 ,99.5 ,100.2 ,100.2 ,97.4 
Aug-2014,,100.9 ,100.8 ,98.5 ,2.4 ,100.8 ,99.6 ,100.3 ,100.3 ,97.6 
Sep-2014,,100.9 ,100.8 ,98.7 ,2.4 ,100.8 ,99.8 ,100.4 ,100.4 ,97.8 
Oct-2014,,100.9 ,100.8 ,98.8 ,2.4 ,100.8 ,100.1 ,100.5 ,100.5 ,98.0 
Nov-2014,,100.9 ,100.8 ,99.0 ,2.4 ,100.7 ,100.5 ,100.5 ,100.5 ,98.2 
Dec-2014,,100.8 ,100.7 ,99.1 ,2.3 ,100.5 ,100.9 ,100.6 ,100.5 ,98.3 
Jan-2015,,100.7 ,100.6 ,99.2 ,2.2 ,100.2 ,101.1 ,100.6 ,100.6 ,98.5 
Feb-2015,,100.6 ,100.5 ,99.3 ,2.1 ,100.0 ,101.1 ,100.6 ,100.6 ,98.7 
Mar-2015,,100.5 ,100.4 ,99.4 ,2.0 ,99.8 ,101.0 ,100.7 ,100.6 ,98.9 
Apr-2015,,100.4 ,100.3 ,99.4 ,1.8 ,99.8 ,101.0 ,100.6 ,100.6 ,99.1 
May-2015,,100.3 ,100.2 ,99.5 ,1.7 ,99.8 ,100.9 ,100.6 ,100.6 ,99.3 
Jun-2015,,100.1 ,100.1 ,99.6 ,1.5 ,99.8 ,100.9 ,100.6 ,100.5 ,99.5 
Jul-2015,,100.0 ,100.0 ,99.6 ,1.3 ,99.7 ,100.8 ,100.5 ,100.5 ,99.6 
Aug-2015,,99.8 ,99.8 ,99.6 ,1.1 ,99.5 ,100.6 ,100.4 ,100.4 ,99.8 
Sep-2015,,99.6 ,99.7 ,99.6 ,1.0 ,99.3 ,100.4 ,100.3 ,100.3 ,100.0 
Oct-2015,,99.5 ,99.5 ,99.7 ,0.8 ,99.1 ,100.5 ,100.2 ,100.2 ,100.2 
Nov-2015,,99.3 ,99.4 ,99.7 ,0.8 ,98.9 ,100.6 ,100.1 ,100.1 ,100.4 
Dec-2015,,99.2 ,99.3 ,99.8 ,0.7 ,98.9 ,100.7 ,100.0 ,100.1 ,100.6 
Jan-2016,,99.1 ,99.2 ,99.9 ,0.7 ,99.0 ,100.7 ,100.0 ,100.0 ,100.8 
Feb-2016,,99.1 ,99.2 ,100.0 ,0.8 ,99.2 ,100.7 ,99.9 ,100.0 ,101.0 
Mar-2016,,99.0 ,99.1 ,100.2 ,0.9 ,99.4 ,100.6 ,99.9 ,99.9 ,101.2 
Apr-2016,,99.0 ,99.1 ,100.4 ,1.0 ,99.6 ,100.6 ,99.9 ,99.9 ,101.4 
May-2016,,99.0 ,99.2 ,100.6 ,1.1 ,99.7 ,100.8 ,99.8 ,99.9 ,101.6 
Jun-2016,,99.1 ,99.2 ,100.8 ,1.2 ,99.7 ,100.7 ,99.8 ,99.9 ,101.8 
Jul-2016,,99.1 ,99.2 ,101.0 ,1.4 ,99.7 ,100.6 ,99.8 ,99.8 ,102.0 
Aug-2016,,99.1 ,99.2 ,101.2 ,1.6 ,99.5 ,100.5 ,99.7 ,99.8 ,102.2 
Sep-2016,,99.2 ,99.3 ,101.5 ,1.9 ,99.5 ,100.5 ,99.7 ,99.8 ,102.4 
Oct-2016,,99.3 ,99.4 ,101.8 ,2.2 ,99.7 ,100.5 ,99.7 ,99.8 ,102.5 
Nov-2016,,99.4 ,99.5 ,102.2 ,2.4 ,100.0 ,100.9 ,99.7 ,99.7 ,102.7 
Dec-2016,,99.6 ,99.6 ,102.5 ,2.7 ,100.3 ,101.2 ,99.6 ,99.7 ,102.9 
Jan-2017,,99.7 ,99.7 ,102.8 ,2.9 ,100.6 ,101.4 ,99.6 ,99.7 ,103.1 
Feb-2017,,99.8 ,99.8 ,103.1 ,3.1 ,100.8 ,101.4 ,99.6 ,99.7 ,103.3 
Mar-2017,,99.8 ,99.8 ,103.3 ,3.1 ,100.7 ,101.3 ,99.5 ,99.6 ,103.5 
Apr-2017,,99.8 ,99.9 ,103.6 ,3.2 ,100.6 ,101.3 ,99.5 ,99.6 ,103.7 
May-2017,,99.9 ,99.9 ,103.8 ,3.2 ,100.6 ,101.2 ,99.6 ,99.7 ,103.9 
Jun-2017,,99.9 ,99.9 ,104.0 ,3.2 ,100.7 ,101.1 ,99.6 ,99.7 ,104.1 
Jul-2017,,99.9 ,99.9 ,104.3 ,3.2 ,100.9 ,101.1 ,99.7 ,99.8 ,104.3 
Aug-2017,,100.0 ,100.0 ,104.5 ,3.3 ,101.2 ,101.2 ,99.8 ,99.8 ,104.5 
Sep-2017,,100.1 ,100.1 ,104.8 ,3.3 ,101.4 ,101.3 ,99.9 ,99.9 ,104.7 
Oct-2017,,100.2 ,100.2 ,105.2 ,3.3 ,101.3 ,101.5 ,100.0 ,100.0 ,104.9 
Nov-2017,,100.3 ,100.3 ,105.5 ,3.2 ,101.3 ,101.4 ,100.1 ,100.1 ,105.1 
Dec-2017,,100.4 ,100.4 ,105.8 ,3.2 ,101.4 ,101.3 ,100.2 ,100.2 ,105.3 
Jan-2018,,100.5 ,100.5 ,106.1 ,3.2 ,101.4 ,101.4 ,100.3 ,100.3 ,105.5 
Feb-2018,,100.6 ,100.6 ,106.4 ,3.2 ,101.4 ,101.5 ,100.3 ,100.3 ,105.7 
Mar-2018,,100.7 ,100.6 ,106.6 ,3.2 ,101.3 ,101.6 ,100.4 ,100.4 ,105.9 
Apr-2018,,100.7 ,100.6 ,106.9 ,3.2 ,101.2 ,101.6 ,100.4 ,100.4 ,106.1 
May-2018,,100.7 ,100.6 ,107.1 ,3.2 ,101.2 ,101.5 ,100.5 ,100.4 ,106.3 
Jun-2018,,100.7 ,100.6 ,107.2 ,3.1 ,101.3 ,101.4 ,100.5 ,100.4 ,106.5 
Jul-2018,,100.6 ,100.6 ,107.4 ,3.0 ,101.4 ,101.4 ,100.5 ,100.5 ,106.7 
Aug-2018,,100.5 ,100.5 ,107.5 ,2.8 ,101.5 ,101.4 ,100.5 ,100.4 ,106.9 
Sep-2018,,100.4 ,100.4 ,107.5 ,2.5 ,101.4 ,101.5 ,100.4 ,100.4 ,107.1 
Oct-2018,,100.3 ,100.2 ,107.5 ,2.3 ,101.2 ,101.5 ,100.4 ,100.4 ,107.3 
Nov-2018,,100.1 ,100.1 ,107.5 ,2.0 ,101.0 ,101.4 ,100.3 ,100.3 ,107.5 
Dec-2018,,99.9 ,99.9 ,107.6 ,1.7 ,100.7 ,101.2 ,100.3 ,100.3 ,107.6 
Jan-2019,,99.8 ,99.8 ,107.6 ,1.4 ,100.5 ,101.0 ,100.3 ,100.3 ,107.8 
Feb-2019,,99.7 ,99.7 ,107.7 ,1.2 ,100.4 ,101.1 ,100.3 ,100.3 ,108.0 
Mar-2019,,99.6 ,99.7 ,107.8 ,1.1 ,100.2 ,101.3 ,100.3 ,100.3 ,108.2 
Apr-2019,,99.5 ,99.6 ,107.9 ,1.0 ,100.0 ,101.4 ,100.4 ,100.4 ,108.4 
May-2019,,99.5 ,99.5 ,108.0 ,0.9 ,99.8 ,101.5 ,100.5 ,100.4 ,108.6 
Jun-2019,,99.4 ,99.4 ,108.1 ,0.8 ,99.6 ,101.4 ,100.5 ,100.5 ,108.8 
Jul-2019,,99.3 ,99.4 ,108.2 ,0.8 ,99.4 ,101.2 ,100.6 ,100.6 ,109.0 
Aug-2019,,99.2 ,99.3 ,108.3 ,0.8 ,99.1 ,100.9 ,100.7 ,100.6 ,109.1 
Sep-2019,,99.2 ,99.3 ,108.5 ,0.9 ,98.9 ,100.9 ,100.7 ,100.7 ,109.3 
Oct-2019,,99.2 ,99.3 ,108.6 ,1.0 ,98.8 ,101.1 ,100.8 ,100.7 ,109.5 
Nov-2019,,99.2 ,99.3 ,108.9 ,1.2 ,98.9 ,101.4 ,100.8 ,100.7 ,109.7 
Dec-2019,,99.2 ,99.3 ,109.0 ,1.4 ,99.0 ,101.6 ,100.8 ,100.7 ,109.9 
Jan-2020,,99.2 ,99.3 ,109.1 ,1.4 ,99.1 ,101.6 ,100.8 ,100.8 ,110.1 
Feb-2020,,99.0 ,99.2 ,109.2 ,1.4 ,99.0 ,101.2 ,100.8 ,100.7 ,110.2 
Mar-2020,,97.2 ,97.6 ,107.4 ,-0.4 ,98.6 ,100.2 ,95.4 ,96.1 ,110.4 
Apr-2020,,92.6 ,93.4 ,102.4 ,-5.1 ,98.1 ,99.1 ,91.9 ,93.2 ,110.6 
May-2020,,94.1 ,94.8 ,104.3 ,-3.5 ,98.4 ,98.6 ,90.2 ,91.7 ,110.8 
Jun-2020,,96.0 ,96.5 ,106.6 ,-1.4 ,99.2 ,98.5 ,92.4 ,93.6 ,111.0 
Jul-2020,,97.6 ,97.9 ,108.5 ,0.2 ,100.0 ,98.6 ,94.6 ,95.5 ,111.1 
Aug-2020,,98.3 ,98.5 ,109.4 ,1.0 ,100.5 ,98.8 ,96.8 ,97.3 ,111.3 
Sep-2020,,98.6 ,98.8 ,109.9 ,1.4 ,100.8 ,99.1 ,97.0 ,97.5 ,111.5 
Oct-2020,,99.0 ,99.1 ,110.5 ,1.7 ,101.1 ,99.2 ,97.1 ,97.6 ,111.7 
Nov-2020,,99.4 ,99.4 ,111.1 ,2.1 ,101.2 ,99.2 ,97.3 ,97.7 ,111.8 
Dec-2020,,99.8 ,99.8 ,111.8 ,2.5 ,101.4 ,99.2 ,97.7 ,98.1 ,112.0 
Jan-2021,,100.2 ,100.2 ,112.4 ,3.0 ,101.5 ,99.2 ,98.2 ,98.5 ,112.2 
Feb-2021,,100.6 ,100.5 ,113.0 ,3.5 ,101.8 ,99.3 ,98.6 ,98.9 ,112.4 
Mar-2021,,100.9 ,100.8 ,113.6 ,5.8 ,102.0 ,99.7 ,98.9 ,99.1 ,112.5 
Apr-2021,,101.2 ,101.1 ,114.1 ,11.4 ,101.9 ,99.9 ,99.1 ,99.3 ,112.7 
May-2021,,101.3 ,101.1 ,114.3 ,9.7 ,101.8 ,99.9 ,99.3 ,99.5 ,112.9 
Jun-2021,,101.3 ,101.2 ,114.5 ,7.5 ,101.6 ,99.7 ,99.5 ,99.7 ,113.1 
Jul-2021,,101.3 ,101.1 ,114.7 ,5.7 ,101.5 ,99.2 ,99.8 ,99.8 ,113.2 
Aug-2021,,101.2 ,101.1 ,114.8 ,4.9 ,101.6 ,98.6 ,100.0 ,100.0 ,113.4 
Sep-2021,,101.1 ,101.0 ,114.9 ,4.5 ,101.6 ,98.3 ,100.2 ,100.2 ,113.6 
Oct-2021,,101.1 ,101.0 ,115.0 ,4.0 ,101.7 ,98.1 ,100.4 ,100.3 ,113.8 
Nov-2021,,101.0 ,100.9 ,115.1 ,3.6 ,101.6 ,98.0 ,100.4 ,100.4 ,114.0 
Dec-2021,,100.9 ,100.8 ,115.2 ,3.0 ,101.3 ,97.9 ,100.4 ,100.4 ,114.1 
Jan-2022,,100.8 ,100.7 ,115.2 ,2.5 ,101.1 ,97.6 ,100.3 ,100.3 ,114.3 
Feb-2022,,100.6 ,100.6 ,115.2 ,1.9 ,101.0 ,97.3 ,100.2 ,100.2 ,114.5 
Mar-2022,,100.4 ,100.4 ,115.2 ,1.4 ,100.8 ,97.1 ,100.0 ,100.0 ,114.7 
Apr-2022,,100.2 ,100.2 ,115.0 ,0.8 ,100.6 ,96.9 ,99.8 ,99.9 ,114.8 
May-2022,,99.9 ,99.9 ,114.9 ,0.4 ,100.4 ,96.5 ,99.7 ,99.8 ,115.0 
Jun-2022,,99.6 ,99.6 ,114.7 ,0.1 ,100.1 ,96.1 ,99.7 ,99.8 ,115.2 
Jul-2022,,99.3 ,99.4 ,114.6 ,-0.1 ,99.9 ,96.1 ,99.7 ,99.8 ,115.4 
Aug-2022,,99.2 ,99.3 ,114.6 ,-0.2 ,99.7 ,96.4 ,99.7 ,99.8 ,115.5 
Sep-2022,,99.0 ,99.1 ,114.6 ,-0.3 ,99.5 ,96.6 ,99.8 ,99.9 ,115.7 
Oct-2022,,98.9 ,99.0 ,114.6 ,-0.4 ,99.3 ,96.7 ,99.8 ,99.9 ,115.9 
Nov-2022,,98.8 ,98.9 ,114.7 ,-0.4 ,99.2 ,96.8 ,99.9 ,99.9 ,116.1 
Dec-2022,,98.7 ,98.9 ,114.8 ,..,99.1 ,97.0 ,99.9 ,99.9 ,116.3 
Jan-2023,,98.7 ,98.8 ,114.9 ,..,99.0 ,97.3 ,99.9 ,99.9 ,116.4 
Feb-2023,,98.6 ,98.8 ,115.0 ,..,98.9 ,97.4 ,99.9 ,99.9 ,116.6 
Mar-2023,,98.5 ,98.7 ,..,..,98.9 ,97.3 ,..,..,..
Apr-2023,,98.4 ,98.6 ,..,..,98.9 ,97.3 ,..,..,..
Data extracted on 24 May 2023 06:23 UTC (GMT) from OECD.Stat,,,,,,,,,,
