date,NASDAQCOM,WILL5000IND,WILL5000INDFC,WILL5000PR,WILL5000PRFC,WILLLRGCAP,WILLLRGCAPGR,WILLLRGCAPVAL,WILLMICROCAP,WILLMIDCAP,WILLMIDCAPGR,WILLMIDCAPVAL,WILLREITIND,WILLRESIND,WILLSMLCAP,WILLSMLCAPGR,WILLSMLCAPVAL
1971-02-01,.,1.07,1.07,885.37,885.37,,,,,,,,,,,,
1971-03-01,104.470435,1.12,1.12,923.13,923.13,,,,,,,,,,,,
1971-04-01,109.555238,1.16,1.16,955.25,955.25,,,,,,,,,,,,
1971-05-01,109.570500,1.12,1.12,919.83,919.83,,,,,,,,,,,,
1971-06-01,108.567727,1.13,1.13,921.91,921.91,,,,,,,,,,,,
1971-07-01,109.303333,1.09,1.09,887.90,887.90,,,,,,,,,,,,
1971-08-01,106.513182,1.13,1.13,919.19,919.19,,,,,,,,,,,,
1971-09-01,109.523810,1.12,1.12,914.22,914.22,,,,,,,,,,,,
1971-10-01,108.410000,1.08,1.08,877.33,877.33,,,,,,,,,,,,
1971-11-01,103.585238,1.08,1.08,871.15,871.15,,,,,,,,,,,,
1971-12-01,109.808182,1.18,1.18,949.26,949.26,,,,,,,,,,,,
1972-01-01,116.543333,1.21,1.21,976.73,976.73,,,,,,,,,,,,
1972-02-01,122.664500,1.25,1.25,1005.79,1005.79,,,,,,,,,,,,
1972-03-01,127.548182,1.26,1.26,1013.10,1013.10,,,,,,,,,,,,
1972-04-01,131.814500,1.27,1.27,1019.47,1019.47,,,,,,,,,,,,
1972-05-01,130.496364,1.30,1.30,1033.38,1033.38,,,,,,,,,,,,
1972-06-01,130.979091,1.27,1.27,1010.34,1010.34,,,,,,,,,,,,
1972-07-01,129.182500,1.27,1.27,1006.50,1006.50,,,,,,,,,,,,
1972-08-01,130.618696,1.31,1.31,1037.90,1037.90,,,,,,,,,,,,
1972-09-01,128.284000,1.30,1.30,1028.17,1028.17,,,,,,,,,,,,
1972-10-01,128.395000,1.31,1.31,1036.01,1036.01,,,,,,,,,,,,
1972-11-01,132.674500,1.37,1.37,1080.29,1080.29,,,,,,,,,,,,
1972-12-01,133.312105,1.39,1.39,1090.31,1090.31,,,,,,,,,,,,
1973-01-01,133.529048,1.35,1.35,1059.76,1059.76,,,,,,,,,,,,
1973-02-01,124.496842,1.29,1.29,1010.11,1010.11,,,,,,,,,,,,
1973-03-01,119.582727,1.28,1.28,1001.61,1001.61,,,,,,,,,,,,
1973-04-01,112.950000,1.22,1.22,950.87,950.87,,,,,,,,,,,,
1973-05-01,106.370909,1.19,1.19,923.96,923.96,,,,,,,,,,,,
1973-06-01,101.752857,1.18,1.18,914.85,914.85,,,,,,,,,,,,
1973-07-01,104.686190,1.25,1.25,965.02,965.02,,,,,,,,,,,,
1973-08-01,104.389565,1.21,1.21,931.52,931.52,,,,,,,,,,,,
1973-09-01,107.642632,1.27,1.27,979.04,979.04,,,,,,,,,,,,
1973-10-01,112.357391,1.28,1.28,978.75,978.75,,,,,,,,,,,,
1973-11-01,101.291905,1.12,1.12,854.60,854.60,,,,,,,,,,,,
1973-12-01,90.792500,1.13,1.13,861.73,861.73,,,,,,,,,,,,
1974-01-01,94.209091,1.14,1.14,863.57,863.57,,,,,,,,,,,,
1974-02-01,92.203684,1.14,1.14,862.06,862.06,,,,,,,,,,,,
1974-03-01,94.965238,1.11,1.11,838.94,838.94,,,,,,,,,,,,
1974-04-01,89.589048,1.06,1.06,799.58,799.58,,,,,,,,,,,,
1974-05-01,83.397273,1.01,1.01,760.04,760.04,,,,,,,,,,,,
1974-06-01,81.001500,0.99,0.99,739.50,739.50,,,,,,,,,,,,
1974-07-01,72.435000,0.92,0.92,686.32,686.32,,,,,,,,,,,,
1974-08-01,66.582273,0.84,0.84,620.04,620.04,,,,,,,,,,,,
1974-09-01,58.642000,0.74,0.74,550.04,550.04,,,,,,,,,,,,
1974-10-01,60.575217,0.87,0.87,639.41,639.41,,,,,,,,,,,,
1974-11-01,63.942500,0.83,0.83,607.86,607.86,,,,,,,,,,,,
1974-12-01,59.161905,0.81,0.81,590.34,590.34,,,,,,,,,,,,
1975-01-01,64.457273,0.93,0.93,675.54,675.54,,,,,,,,,,,,
1975-02-01,72.083158,0.99,0.99,712.86,712.86,,,,,,,,,,,,
1975-03-01,75.057000,1.01,1.01,730.29,730.29,,,,,,,,,,,,
1975-04-01,76.975000,1.06,1.06,763.99,763.99,,,,,,,,,,,,
1975-05-01,81.847619,1.12,1.12,802.30,802.30,,,,,,,,,,,,
1975-06-01,84.641429,1.18,1.18,840.17,840.17,,,,,,,,,,,,
1975-07-01,85.620000,1.11,1.11,787.06,787.06,,,,,,,,,,,,
1975-08-01,78.407619,1.08,1.08,766.26,766.26,,,,,,,,,,,,
1975-09-01,75.914762,1.04,1.04,734.62,734.62,,,,,,,,,,,,
1975-10-01,77.258261,1.10,1.10,773.79,773.79,,,,,,,,,,,,
1975-11-01,78.040526,1.13,1.13,794.05,794.05,,,,,,,,,,,,
1975-12-01,75.908182,1.12,1.12,784.15,784.15,,,,,,,,,,,,
1976-01-01,83.377143,1.26,1.26,880.47,880.47,,,,,,,,,,,,
1976-02-01,89.302105,1.27,1.27,881.88,881.88,,,,,,,,,,,,
1976-03-01,90.241304,1.30,1.30,903.47,903.47,,,,,,,,,,,,
1976-04-01,90.141429,1.29,1.29,893.64,893.64,,,,,,,,,,,,
1976-05-01,89.291000,1.28,1.28,879.52,879.52,,,,,,,,,,,,
1976-06-01,88.766818,1.33,1.33,914.80,914.80,,,,,,,,,,,,
1976-07-01,91.447619,1.33,1.33,907.82,907.82,,,,,,,,,,,,
1976-08-01,90.870909,1.32,1.32,900.91,900.91,,,,,,,,,,,,
1976-09-01,91.405714,1.36,1.36,920.72,920.72,,,,,,,,,,,,
1976-10-01,89.500000,1.33,1.33,899.90,899.90,,,,,,,,,,,,
1976-11-01,89.531500,1.34,1.34,899.25,899.25,,,,,,,,,,,,
1976-12-01,94.551818,1.42,1.42,954.18,954.18,,,,,,,,,,,,
1977-01-01,96.898095,1.37,1.37,918.86,918.86,,,,,,,,,,,,
1977-02-01,96.090000,1.35,1.35,899.97,899.97,,,,,,,,,,,,
1977-03-01,95.701304,1.34,1.34,888.81,888.81,,,,,,,,,,,,
1977-04-01,95.004500,1.35,1.35,893.43,893.43,,,,,,,,,,,,
1977-05-01,96.944762,1.33,1.33,882.18,882.18,,,,,,,,,,,,
1977-06-01,97.865455,1.40,1.40,919.19,919.19,,,,,,,,,,,,
1977-07-01,101.348947,1.38,1.38,905.66,905.66,,,,,,,,,,,,
1977-08-01,100.579565,1.36,1.36,887.63,887.63,,,,,,,,,,,,
1977-09-01,100.413333,1.36,1.36,887.45,887.45,,,,,,,,,,,,
1977-10-01,99.247143,1.31,1.31,851.60,851.60,,,,,,,,,,,,
1977-11-01,100.691905,1.37,1.37,882.39,882.39,,,,,,,,,,,,
1977-12-01,103.710476,1.38,1.38,887.59,887.59,,,,,,,,.,.,,,
1978-01-01,100.780476,1.31,1.31,836.79,836.79,,,,,,,,97.15,11.91,,,
1978-02-01,102.444737,1.29,1.29,822.27,822.27,,,,,,,,99.19,12.11,,,
1978-03-01,104.010000,1.34,1.34,847.81,847.81,,,,,,,,106.90,13.09,,,
1978-04-01,110.768500,1.45,1.45,916.42,916.42,,,,,,,,112.04,13.98,,,
1978-05-01,119.077273,1.48,1.48,930.65,930.65,,,,,,,,110.16,13.76,,,
1978-06-01,122.011818,1.47,1.47,917.97,917.97,.,.,.,.,.,.,.,107.95,13.99,.,.,.
1978-07-01,122.119000,1.55,1.55,969.18,969.18,1056.89,1071.97,1040.26,1049.40,1059.34,1066.09,1050.98,112.16,14.37,1059.55,1065.75,1050.41
1978-08-01,132.540000,1.62,1.62,1004.15,1004.15,1095.37,1111.78,1077.27,1170.72,1124.30,1139.09,1106.06,121.13,15.53,1139.50,1150.21,1123.75
1978-09-01,135.234500,1.61,1.61,996.10,996.10,1088.56,1085.73,1091.60,1172.45,1104.49,1112.85,1094.09,122.23,15.58,1126.02,1132.97,1115.76
1978-10-01,127.677727,1.44,1.44,886.92,886.92,986.28,977.73,995.64,915.87,933.69,929.73,938.30,103.51,12.59,913.87,903.37,929.14
1978-11-01,114.122381,1.48,1.48,908.34,908.34,1017.18,1010.63,1024.33,952.40,973.08,981.00,963.36,107.16,13.20,965.79,969.18,960.87
1978-12-01,117.248500,1.51,1.51,922.77,922.77,1035.20,1041.75,1027.85,969.43,990.99,1006.77,971.69,110.98,13.81,988.35,999.91,971.51
1979-01-01,123.718182,1.58,1.58,964.88,964.88,1078.64,1078.17,1078.92,1069.89,1054.71,1072.02,1033.57,118.42,14.63,1067.26,1078.43,1050.95
1979-02-01,124.548947,1.55,1.55,935.84,935.84,1049.45,1041.15,1058.27,1051.21,1027.03,1043.81,1006.53,118.30,14.54,1041.79,1051.27,1027.92
1979-03-01,128.080455,1.65,1.65,997.62,997.62,1112.43,1104.18,1121.17,1138.68,1114.32,1137.20,1086.45,134.28,17.08,1145.34,1164.33,1117.70
1979-04-01,133.445500,1.67,1.67,1004.70,1004.70,1119.66,1109.68,1130.31,1177.93,1131.76,1154.19,1104.41,135.71,17.12,1170.66,1189.18,1143.70
1979-05-01,131.348636,1.64,1.64,981.15,981.15,1106.39,1095.42,1118.12,1165.46,1119.36,1133.22,1102.18,140.09,17.42,1156.00,1169.04,1136.87
1979-06-01,135.639524,1.73,1.73,1028.23,1028.23,1156.59,1135.41,1179.51,1222.31,1187.05,1193.71,1178.15,147.60,19.00,1229.05,1243.60,1207.72
1979-07-01,138.580476,1.75,1.75,1038.16,1038.16,1169.90,1142.55,1199.71,1239.31,1223.92,1217.78,1229.76,152.37,19.77,1266.07,1271.57,1256.69
1979-08-01,146.685652,1.86,1.86,1097.81,1097.81,1245.29,1227.21,1264.68,1341.34,1313.55,1320.56,1304.23,173.03,22.86,1363.95,1377.52,1343.70
1979-09-01,149.203684,1.87,1.87,1101.82,1101.82,1250.23,1234.58,1266.89,1339.71,1313.34,1338.16,1283.50,169.08,22.78,1357.72,1384.86,1319.45
1979-10-01,140.526522,1.74,1.74,1020.04,1020.04,1166.78,1159.96,1173.57,1195.57,1198.65,1231.64,1159.41,151.67,20.24,1219.89,1255.49,1170.72
1979-11-01,138.782857,1.85,1.85,1075.40,1075.40,1238.86,1248.54,1227.03,1264.86,1293.74,1350.88,1226.57,157.57,21.62,1320.99,1379.58,1241.39
1979-12-01,148.748500,1.89,1.89,1096.12,1096.12,1267.74,1290.04,1241.85,1363.89,1348.64,1426.95,1257.55,165.35,23.59,1395.69,1476.36,1287.89
1980-01-01,155.140909,1.97,1.97,1142.41,1142.41,1347.91,1378.29,1313.12,1534.91,1438.25,1533.37,1328.26,179.84,25.25,1498.97,1589.40,1378.41
1980-02-01,161.644000,2.06,2.06,1187.12,1187.12,1354.36,1382.83,1321.66,1506.39,1402.89,1519.86,1268.86,179.08,24.37,1464.73,1568.71,1327.41
1980-03-01,141.100476,1.86,1.86,1066.84,1066.84,1207.58,1228.89,1182.92,1219.48,1186.83,1267.73,1093.53,151.41,19.32,1205.49,1272.41,1115.98
1980-04-01,136.286667,1.82,1.82,1042.69,1042.69,1267.35,1276.93,1255.53,1282.61,1263.24,1342.78,1171.28,159.79,20.83,1289.26,1361.90,1192.16
1980-05-01,145.684762,1.91,1.91,1090.41,1090.41,1338.18,1345.77,1328.48,1363.16,1365.48,1441.31,1277.41,173.19,23.14,1394.91,1471.27,1292.68
1980-06-01,155.429048,2.06,2.06,1163.86,1163.86,1384.76,1403.28,1363.02,1420.65,1434.73,1538.85,1315.50,181.71,24.01,1462.69,1550.97,1345.11
1980-07-01,166.925909,2.16,2.16,1222.41,1222.41,1473.82,1509.75,1434.13,1582.54,1569.70,1726.15,1400.85,202.70,26.82,1611.80,1734.98,1455.48
1980-08-01,177.729048,2.26,2.26,1271.14,1271.14,1499.92,1541.24,1454.66,1715.68,1631.83,1811.17,1441.35,210.14,27.66,1694.08,1844.49,1508.30
1980-09-01,189.485714,2.35,2.35,1314.51,1314.51,1543.55,1610.60,1471.71,1777.17,1683.38,1892.16,1465.48,205.56,27.40,1747.19,1928.03,1529.22
1980-10-01,195.757826,2.43,2.43,1362.21,1362.21,1571.50,1666.42,1471.03,1853.88,1712.50,1944.56,1473.04,228.05,29.38,1797.30,2002.53,1553.40
1980-11-01,200.685556,2.53,2.53,1410.64,1410.64,1747.61,1898.32,1589.44,1935.02,1852.03,2174.23,1528.23,229.23,29.82,1920.81,2196.57,1602.36
1980-12-01,198.398636,2.50,2.50,1385.80,1385.80,1684.92,1811.21,1552.25,1854.81,1803.18,2091.32,1511.21,220.11,28.80,1867.26,2113.54,1580.15
1981-01-01,198.817619,2.48,2.48,1374.88,1374.88,1606.49,1687.83,1520.64,1877.98,1758.46,1988.39,1521.12,222.95,29.17,1844.01,2047.26,1602.40
1981-02-01,194.852105,2.41,2.41,1329.47,1329.47,1634.44,1717.94,1546.32,1881.75,1784.55,2003.06,1557.43,225.04,29.23,1870.95,2058.75,1645.04
1981-03-01,203.593182,2.51,2.51,1383.37,1383.37,1698.22,1767.62,1624.79,2051.56,1932.42,2173.30,1682.54,239.20,31.43,2013.56,2210.29,1776.05
1981-04-01,215.120000,2.57,2.57,1413.59,1413.59,1665.02,1707.61,1619.54,2149.98,1955.65,2194.08,1707.66,242.12,31.82,2067.94,2261.20,1833.27
1981-05-01,216.543500,2.56,2.56,1395.49,1395.49,1678.02,1717.89,1635.38,2243.87,2012.68,2268.57,1747.86,235.90,31.44,2128.60,2341.06,1872.84
1981-06-01,220.040455,2.59,2.59,1403.63,1403.63,1666.96,1684.65,1647.74,2249.95,1961.94,2157.93,1752.61,256.30,32.60,2091.09,2256.01,1885.98
1981-07-01,209.720909,2.53,2.53,1367.05,1367.05,1666.73,1683.29,1648.63,2183.46,1919.19,2121.05,1705.64,258.76,32.40,2043.58,2190.18,1857.17
1981-08-01,206.626190,2.55,2.55,1369.46,1369.46,1577.29,1580.03,1573.02,2018.20,1803.29,1973.87,1619.29,248.93,30.79,1902.57,1999.85,1766.96
1981-09-01,185.372381,2.32,2.32,1238.23,1238.23,1480.92,1477.65,1482.75,1798.72,1682.27,1808.11,1539.59,224.16,27.87,1761.27,1814.55,1671.32
1981-10-01,190.201364,2.36,2.36,1255.35,1255.35,1564.49,1579.96,1547.44,1936.39,1787.17,1962.65,1599.34,242.14,29.31,1894.33,1988.22,1760.35
1981-11-01,199.229000,2.44,2.44,1294.44,1294.44,1638.58,1650.43,1625.11,1968.65,1855.28,2015.83,1679.45,257.92,30.89,1957.38,2027.62,1846.68
1981-12-01,197.149545,2.46,2.46,1298.66,1298.66,1590.57,1600.86,1578.69,1924.00,1814.86,1970.94,1643.71,259.47,30.87,1921.09,1984.60,1818.09
1982-01-01,187.678500,2.33,2.33,1225.98,1225.98,1549.23,1560.81,1536.12,1894.28,1738.89,1860.65,1599.48,246.24,28.81,1851.62,1887.95,1777.07
1982-02-01,182.628421,2.26,2.26,1186.22,1186.22,1467.48,1460.58,1473.01,1802.55,1664.27,1747.78,1560.26,244.44,28.18,1770.43,1766.70,1737.55
1982-03-01,173.283913,2.19,2.19,1141.25,1141.25,1452.35,1434.46,1469.01,1773.30,1656.07,1728.33,1562.08,240.29,27.93,1754.49,1723.56,1749.18
1982-04-01,181.844286,2.30,2.30,1197.90,1197.90,1509.69,1509.35,1508.55,1858.79,1736.67,1823.01,1628.71,247.11,28.57,1851.80,1835.02,1830.07
1982-05-01,184.607000,2.33,2.33,1201.98,1201.98,1470.21,1457.87,1481.28,1817.25,1682.50,1770.17,1574.34,244.81,28.50,1801.06,1775.75,1789.08
1982-06-01,172.075000,2.20,2.20,1129.24,1129.24,1435.06,1427.25,1441.50,1760.69,1642.56,1728.93,1536.27,235.46,27.61,1752.43,1717.65,1751.08
1982-07-01,169.625238,2.19,2.19,1122.32,1122.32,1402.25,1408.81,1394.17,1722.87,1615.55,1723.17,1490.02,230.56,27.66,1733.98,1699.00,1733.25
1982-08-01,167.382727,2.20,2.20,1122.33,1122.33,1579.61,1569.04,1588.78,1800.13,1801.70,1913.55,1669.21,244.81,29.20,1891.72,1842.97,1902.59
1982-09-01,185.092857,2.47,2.47,1251.56,1251.56,1599.94,1603.07,1595.07,1856.96,1858.65,1991.98,1705.51,253.06,30.68,1965.53,1916.74,1974.78
1982-10-01,203.861905,2.68,2.68,1357.85,1357.85,1782.31,1788.66,1773.99,2109.97,2114.05,2272.36,1933.83,287.43,34.57,2241.77,2207.28,2228.89
1982-11-01,226.970476,2.84,2.84,1430.17,1430.17,1860.49,1890.11,1828.34,2366.20,2270.04,2468.35,2050.80,299.61,37.41,2432.94,2422.40,2389.35
1982-12-01,233.030455,2.87,2.87,1440.29,1440.29,1888.49,1916.53,1857.91,2425.07,2281.48,2487.77,2054.82,313.73,38.42,2452.72,2454.72,2394.85
1983-01-01,241.478095,2.99,2.99,1496.25,1496.25,1954.62,1963.59,1943.48,2732.18,2359.97,2577.43,2121.75,318.12,39.37,2606.61,2631.31,2520.19
1983-02-01,256.058421,3.07,3.07,1531.80,1531.80,2005.40,2025.52,1982.82,2857.32,2480.84,2726.54,2214.49,325.82,40.19,2747.10,2769.17,2660.44
1983-03-01,266.452174,3.20,3.20,1587.06,1587.06,2070.42,2089.40,2048.94,3006.10,2584.94,2820.93,2326.17,358.37,42.17,2861.47,2851.94,2807.27
1983-04-01,279.528000,3.33,3.33,1648.32,1648.32,2221.89,2222.48,2219.29,3251.82,2760.95,3026.32,2472.23,380.41,45.42,3084.20,3088.11,3009.65
1983-05-01,302.438095,3.51,3.51,1732.03,1732.03,2225.22,2218.19,2230.48,3606.17,2876.00,3172.55,2556.61,380.37,45.10,3252.29,3280.68,3145.89
1983-06-01,319.349091,3.61,3.61,1776.56,1776.56,2308.53,2346.97,2266.70,3767.29,2993.20,3376.90,2592.37,376.53,46.15,3394.09,3472.57,3226.96
1983-07-01,316.094000,3.63,3.63,1781.30,1781.30,2231.08,2229.84,2228.39,3689.95,2911.12,3223.35,2570.99,374.61,45.97,3309.65,3297.10,3239.55
1983-08-01,296.873913,3.52,3.52,1720.86,1720.86,2260.62,2228.30,2288.49,3537.81,2863.50,3113.95,2575.20,372.73,45.16,3211.48,3143.22,3202.29
1983-09-01,300.370000,3.64,3.64,1769.99,1769.99,2295.30,2274.80,2311.36,3497.55,2956.27,3192.73,2676.77,389.69,47.26,3287.21,3179.37,3317.86
1983-10-01,286.722857,3.62,3.62,1757.83,1757.83,2248.36,2190.75,2301.14,3284.20,2815.79,2986.48,2594.56,392.77,46.21,3097.57,2918.57,3209.54
1983-11-01,278.666667,3.57,3.57,1727.73,1727.73,2304.26,2249.40,2354.20,3377.37,2940.50,3143.54,2688.98,401.29,47.81,3242.97,3068.08,3346.74
1983-12-01,278.655714,3.56,3.56,1719.56,1719.56,2283.73,2227.19,2335.39,3304.22,2885.52,3046.41,2670.45,414.66,49.03,3197.08,2975.46,3352.37
1984-01-01,282.004286,3.61,3.61,1737.49,1737.49,2255.91,2144.45,2362.74,3337.53,2789.43,2858.90,2652.93,427.30,49.77,3136.95,2838.47,3377.41
1984-02-01,254.386500,3.38,3.38,1621.07,1621.07,2175.58,2048.96,2297.84,3154.50,2626.72,2659.38,2525.62,422.22,48.90,2975.93,2656.83,3243.29
1984-03-01,251.250000,3.39,3.39,1618.80,1618.80,2207.01,2084.06,2325.92,3162.54,2665.99,2682.19,2577.60,425.98,49.90,3007.68,2663.45,3301.70
1984-04-01,245.207000,3.39,3.39,1612.78,1612.78,2219.84,2096.48,2339.15,3072.73,2654.77,2683.67,2556.02,430.11,51.17,2998.78,2652.29,3295.53
1984-05-01,245.243182,3.38,3.38,1603.64,1603.64,2103.96,1990.52,2213.77,2921.70,2510.64,2552.68,2404.89,423.31,50.57,2842.45,2509.28,3128.94
1984-06-01,238.516190,3.32,3.32,1569.33,1569.33,2152.88,2071.12,2231.66,2969.06,2581.99,2685.29,2423.43,427.84,50.91,2929.86,2626.56,3180.91
1984-07-01,232.403810,3.28,3.28,1544.90,1544.90,2118.00,2037.55,2195.53,2791.24,2485.24,2572.03,2344.50,423.44,50.46,2814.39,2492.08,3096.52
1984-08-01,250.346087,3.58,3.58,1677.09,1677.09,2358.86,2263.68,2451.24,3021.66,2793.09,2911.79,2614.98,452.61,54.57,3158.17,2837.34,3420.70
1984-09-01,252.004737,3.63,3.63,1698.64,1698.64,2359.83,2225.37,2494.88,3021.99,2790.49,2869.10,2650.41,466.37,56.42,3144.18,2776.73,3469.34
1984-10-01,247.153913,3.61,3.61,1683.76,1683.76,2365.85,2240.33,2491.16,2936.86,2766.86,2828.33,2643.68,476.72,57.18,3107.74,2716.50,3466.29
1984-11-01,246.398095,3.65,3.65,1694.64,1694.64,2343.91,2199.69,2489.74,2834.81,2746.27,2761.16,2668.08,491.88,58.63,3064.97,2630.69,3482.89
1984-12-01,241.912000,3.62,3.62,1673.72,1673.72,2403.24,2250.88,2557.66,2838.18,2816.25,2843.17,2724.91,505.41,59.15,3133.23,2687.98,3562.13
1985-01-01,260.798636,3.81,3.81,1756.43,1756.43,2591.32,2448.73,2734.16,3216.20,3113.00,3200.75,2956.64,526.59,63.60,3492.33,3054.95,3893.05
1985-02-01,285.521053,4.06,4.06,1866.71,1866.71,2629.10,2489.25,2768.75,3356.14,3146.99,3261.95,2963.91,542.96,65.46,3576.67,3144.37,3966.43
1985-03-01,280.796667,4.04,4.04,1848.74,1848.74,2636.30,2481.94,2791.73,3315.69,3121.56,3201.38,2972.75,536.61,64.70,3524.52,3070.25,3946.36
1985-04-01,280.894762,4.07,4.07,1861.42,1861.42,2633.24,2443.56,2827.44,3302.47,3102.96,3162.10,2974.56,536.02,65.37,3518.71,3040.26,3973.27
1985-05-01,287.460455,4.19,4.19,1904.76,1904.76,2786.73,2591.94,2985.69,3391.40,3256.52,3330.76,3109.99,545.29,68.29,3666.14,3179.68,4123.46
1985-06-01,290.437500,4.30,4.30,1946.89,1946.89,2832.21,2632.24,3036.62,3423.35,3328.07,3393.78,3188.36,546.00,68.70,3750.57,3248.11,4224.94
1985-07-01,302.042727,4.41,4.41,1991.02,1991.02,2816.24,2607.68,3030.40,3506.47,3368.74,3420.18,3241.93,556.92,69.73,3843.14,3326.81,4331.28
1985-08-01,298.247273,4.33,4.33,1948.88,1948.88,2803.26,2590.81,3021.85,3489.35,3358.87,3419.02,3223.87,543.95,69.04,3824.61,3305.69,4317.47
1985-09-01,287.933158,4.25,4.25,1900.85,1900.85,2701.81,2507.67,2900.62,3278.42,3199.66,3271.18,3057.36,530.24,67.43,3621.56,3119.11,4103.54
1985-10-01,285.358261,4.28,4.28,1911.39,1911.39,2829.01,2625.91,3037.00,3320.88,3327.13,3424.70,3156.54,534.22,69.77,3763.49,3253.92,4246.83
1985-11-01,304.352500,4.56,4.56,2027.15,2027.15,3029.05,2856.60,3202.25,3480.12,3555.01,3666.17,3365.97,533.09,70.12,4028.93,3489.25,4538.29
1985-12-01,320.232381,4.79,4.79,2125.92,2125.92,3166.42,2995.00,3337.83,3609.92,3694.54,3797.72,3510.27,538.26,71.06,4190.57,3627.11,4723.32
1986-01-01,328.520909,4.85,4.85,2146.96,2146.96,3187.54,3034.74,3338.46,3772.33,3778.04,3876.90,3596.17,552.26,72.67,4262.52,3704.33,4783.40
1986-02-01,348.786316,5.13,5.13,2260.46,2260.46,3426.19,3301.65,3545.18,3994.34,4044.73,4156.89,3843.69,568.44,75.64,4570.36,3959.04,5147.03
1986-03-01,368.231500,5.44,5.44,2392.07,2392.07,3617.47,3513.38,3713.01,4157.66,4302.09,4419.60,4090.04,599.59,81.16,4807.84,4176.23,5398.11
1986-04-01,382.541364,5.60,5.60,2455.97,2455.97,3570.55,3513.52,3615.10,4242.40,4300.29,4461.37,4045.62,596.95,81.20,4863.95,4269.86,5396.92
1986-05-01,388.487143,5.63,5.63,2464.30,2464.30,3760.72,3728.16,3777.78,4404.24,4509.41,4721.47,4200.04,597.55,81.12,5080.20,4495.69,5585.33
1986-06-01,398.595238,5.79,5.79,2525.88,2525.88,3822.06,3817.23,3808.49,4443.53,4560.41,4804.28,4218.02,625.28,84.93,5138.32,4576.53,5606.72
1986-07-01,385.885455,5.67,5.67,2471.06,2471.06,3615.24,3565.29,3648.08,4071.25,4234.21,4429.79,3944.06,619.96,83.48,4702.64,4141.16,5193.67
1986-08-01,375.617143,5.75,5.75,2498.38,2498.38,3874.96,3746.66,3985.09,4077.81,4490.46,4647.51,4227.67,651.77,87.01,4904.29,4304.57,5435.02
1986-09-01,358.293333,5.59,5.59,2421.88,2421.88,3553.61,3388.10,3702.70,3824.62,4198.71,4296.21,3997.09,629.02,83.37,4592.37,3976.22,5161.20
1986-10-01,355.032609,5.58,5.58,2413.50,2413.50,3742.91,3627.27,3841.18,3880.65,4351.72,4470.20,4127.24,651.16,87.21,4743.74,4140.99,5287.19
1986-11-01,358.078947,5.75,5.75,2477.60,2477.60,3815.23,3712.69,3900.03,3835.63,4385.88,4521.52,4145.32,648.03,86.50,4739.23,4156.27,5257.00
1986-12-01,354.921364,5.80,5.80,2492.84,2492.84,3711.38,3617.61,3787.87,3702.27,4277.28,4417.62,4035.51,644.54,85.49,4641.18,4063.42,5157.12
1987-01-01,384.227143,6.20,6.20,2659.81,2659.81,4205.14,4141.76,4248.96,4086.30,4858.99,5033.21,4571.50,669.54,89.19,5194.08,4586.51,5720.58
1987-02-01,411.712632,6.61,6.61,2826.91,2826.91,4383.65,4402.78,4343.97,4416.11,5162.19,5373.96,4832.86,699.54,92.90,5574.65,4971.64,6075.54
1987-03-01,432.204545,6.89,6.89,2940.70,2940.70,4483.20,4488.85,4456.52,4573.67,5253.00,5518.84,4872.20,694.85,93.05,5694.34,5118.10,6153.86
1987-04-01,422.771429,6.80,6.80,2893.04,2893.04,4416.53,4404.37,4407.99,4503.65,5143.42,5377.39,4794.24,680.40,91.17,5539.91,4973.31,5994.78
1987-05-01,416.634000,6.77,6.77,2875.34,2875.34,4447.01,4456.30,4416.76,4503.11,5164.40,5407.35,4806.56,670.67,89.75,5537.30,4974.15,5988.07
1987-06-01,423.695909,7.04,7.04,2982.44,2982.44,4668.91,4695.34,4620.38,4577.19,5321.35,5592.87,4933.46,696.76,92.66,5657.35,5081.10,6119.03
1987-07-01,429.006818,7.24,7.24,3060.15,3060.15,4886.16,4953.53,4796.50,4694.13,5579.01,5906.07,5134.00,693.83,94.13,5859.77,5269.20,6330.01
1987-08-01,448.384762,7.67,7.67,3233.93,3233.93,5081.80,5137.80,5002.18,4759.76,5748.84,6066.78,5307.58,683.91,93.01,6053.67,5424.80,6563.02
1987-09-01,442.798571,7.46,7.46,3141.73,3141.73,4974.52,5035.97,4890.13,4704.78,5653.29,5960.97,5223.83,674.47,92.67,5927.33,5321.84,6413.38
1987-10-01,385.053636,6.57,6.57,2761.38,2761.38,3909.23,3895.07,3903.74,3267.14,4162.07,4219.41,3993.25,567.50,75.33,4228.32,3651.31,4751.87
1987-11-01,318.753000,5.70,5.70,2385.18,2385.18,3601.10,3569.87,3613.73,3106.89,3987.76,4036.08,3831.80,580.67,76.79,4027.10,3449.69,4560.08
1987-12-01,314.538182,5.63,5.63,2347.46,2347.46,3860.92,3876.06,3827.12,3187.48,4341.15,4513.83,4065.85,602.04,78.77,4360.70,3824.63,4827.71
1988-01-01,339.279000,5.91,5.91,2460.58,2460.58,4030.61,3922.30,4117.03,3385.71,4505.08,4617.29,4277.84,637.92,84.14,4544.50,3911.15,5123.07
1988-02-01,353.578000,6.13,6.13,2542.88,2542.88,4227.18,4129.87,4301.84,3606.76,4851.61,5018.76,4566.47,665.54,88.99,4900.70,4235.62,5502.69
1988-03-01,375.543043,6.38,6.38,2635.35,2635.35,4115.54,3987.51,4220.79,3770.91,4921.13,5077.23,4643.73,668.47,87.62,5057.18,4412.20,5627.77
1988-04-01,377.235500,6.35,6.35,2614.36,2614.36,4153.98,4015.51,4269.25,3825.25,4954.00,5096.07,4688.17,671.74,89.30,5136.58,4493.21,5701.60
1988-05-01,371.880952,6.23,6.23,2557.57,2557.57,4178.16,4018.56,4313.95,3732.68,4922.94,5029.41,4690.10,667.71,89.82,5048.59,4400.47,5623.66
1988-06-01,385.981818,6.58,6.58,2693.26,2693.26,4383.77,4219.61,4523.05,3931.52,5256.81,5359.79,5017.79,699.16,93.34,5400.73,4711.62,6010.63
1988-07-01,391.401500,6.59,6.59,2690.03,2690.03,4352.12,4168.63,4512.64,3906.86,5155.20,5236.62,4940.07,710.14,94.47,5339.16,4605.71,6012.19
1988-08-01,379.606522,6.47,6.47,2631.18,2631.18,4225.73,4027.53,4403.17,3820.33,5052.04,5088.95,4882.91,706.80,94.27,5211.72,4460.77,5915.69
1988-09-01,382.156667,6.59,6.59,2667.96,2667.96,4399.87,4206.51,4570.62,3862.81,5210.12,5247.07,5036.72,707.01,95.98,5350.71,4568.98,6087.84
1988-10-01,385.008571,6.79,6.79,2745.84,2745.84,4497.15,4288.16,4683.88,3805.79,5232.94,5223.19,5102.76,706.87,95.97,5328.61,4524.53,6096.12
1988-11-01,372.891429,6.64,6.64,2672.58,2672.58,4435.05,4224.56,4623.88,3645.00,5121.74,5141.40,4967.23,696.90,94.73,5185.43,4398.02,5938.66
1988-12-01,375.782857,6.78,6.78,2717.44,2717.44,4524.46,4332.21,4693.14,3742.79,5264.74,5342.37,5053.61,707.29,97.81,5356.55,4580.89,6086.06
1989-01-01,389.320952,7.03,7.03,2810.77,2810.77,4840.08,4628.40,5026.87,3906.62,5598.00,5701.81,5353.89,716.62,99.40,5639.16,4819.28,6411.42
1989-02-01,404.082105,7.28,7.28,2900.02,2900.02,4735.20,4512.41,4934.58,3937.83,5614.96,5738.76,5351.96,707.95,99.66,5681.06,4851.28,6464.05
1989-03-01,403.995909,7.29,7.29,2894.95,2894.95,4843.73,4584.20,5081.33,4008.75,5691.83,5807.28,5434.54,712.06,100.36,5810.76,4959.71,6614.67
1989-04-01,417.130000,7.53,7.53,2983.84,2983.84,5090.71,4855.22,5301.05,4113.78,5986.67,6170.23,5658.07,723.17,102.18,6079.05,5238.29,6853.26
1989-05-01,435.993182,7.84,7.84,3097.24,3097.24,5298.01,5076.18,5492.21,4227.44,6210.81,6443.57,5830.53,737.99,103.94,6322.94,5482.29,7082.43
1989-06-01,447.582727,8.11,8.11,3193.84,3193.84,5277.40,5054.36,5473.04,4165.22,6174.79,6377.20,5823.47,741.24,105.10,6216.27,5331.31,7040.22
1989-07-01,446.696500,8.30,8.30,3258.57,3258.57,5724.13,5552.21,5859.54,4269.60,6503.72,6719.91,6130.95,764.96,108.42,6473.56,5588.39,7282.82
1989-08-01,461.827826,8.67,8.67,3395.20,3395.20,5847.54,5607.79,6055.37,4334.20,6730.96,6896.11,6399.61,762.89,107.28,6661.68,5706.19,7553.96
1989-09-01,469.278500,8.73,8.73,3406.49,3406.49,5835.73,5636.44,5999.90,4333.72,6692.93,6841.77,6377.47,759.61,107.04,6667.48,5693.52,7583.95
1989-10-01,469.680909,8.73,8.73,3402.01,3402.01,5694.80,5534.14,5818.17,4082.41,6393.08,6558.04,6071.22,730.44,101.69,6280.63,5391.99,7106.01
1989-11-01,454.697143,8.56,8.56,3323.50,3323.50,5804.14,5698.34,5867.56,4043.09,6441.74,6669.27,6062.29,729.71,100.17,6327.17,5487.43,7085.76
1989-12-01,449.014500,8.72,8.72,3378.91,3378.91,5931.77,5859.09,5958.33,3964.01,6496.88,6731.62,6109.52,726.50,100.13,6342.99,5526.34,7070.38
1990-01-01,439.350455,8.52,8.52,3292.11,3292.11,5509.25,5387.14,5593.68,3710.35,5988.76,6163.54,5669.57,698.75,95.42,5820.64,5051.62,6513.94
1990-02-01,424.524211,8.28,8.28,3191.33,3191.33,5589.02,5420.65,5722.79,3755.95,6115.18,6271.34,5809.33,687.01,95.38,5989.27,5215.35,6679.79
1990-03-01,436.090455,8.50,8.50,3264.89,3264.89,5719.75,5601.21,5798.27,3839.04,6291.54,6522.51,5912.68,686.26,95.16,6181.40,5432.57,6828.21
1990-04-01,428.993000,8.47,8.47,3246.44,3246.44,5565.89,5490.36,5598.69,3727.05,6006.72,6312.94,5566.49,671.84,93.31,5945.58,5263.02,6517.94
1990-05-01,442.598182,8.76,8.76,3345.23,3345.23,6093.93,6082.72,6051.68,3897.49,6541.56,6955.35,5988.10,660.76,92.90,6363.32,5698.01,6889.40
1990-06-01,462.306190,9.05,9.05,3446.34,3446.34,6056.14,6090.26,5964.60,3961.17,6508.92,6977.88,5905.28,668.56,93.08,6363.70,5741.65,6832.63
1990-07-01,455.824286,9.03,9.03,3435.14,3435.14,6018.78,6034.23,5946.41,3786.17,6332.40,6847.46,5692.45,651.57,89.51,6105.72,5517.90,6544.22
1990-08-01,396.322609,8.28,8.28,3139.12,3139.12,5482.99,5495.07,5419.02,3264.47,5660.72,6075.14,5129.47,593.00,79.06,5333.53,4736.79,5823.84
1990-09-01,368.566316,7.90,7.90,2984.84,2984.84,5214.37,5217.63,5161.89,2978.31,5275.56,5674.91,4768.77,544.79,69.90,4855.80,4290.58,5329.80
1990-10-01,338.013478,7.62,7.62,2872.66,2872.66,5175.53,5215.96,5085.65,2760.27,5063.86,5430.21,4592.37,520.87,64.86,4582.81,4078.03,4993.60
1990-11-01,347.694286,7.84,7.84,2945.06,2945.06,5526.07,5551.50,5448.15,2830.71,5477.02,5925.01,4922.15,556.08,67.50,4931.06,4426.66,5324.12
1990-12-01,370.212500,8.24,8.24,3083.03,3083.03,5692.68,5722.15,5608.98,2781.62,5721.78,6199.75,5133.45,556.19,66.63,5155.03,4653.79,5532.72
1991-01-01,376.672273,8.20,8.20,3062.55,3062.55,5955.22,5988.06,5865.59,2955.84,6099.25,6651.40,5434.69,608.92,73.12,5561.40,5079.42,5893.73
1991-02-01,442.586842,9.21,9.21,3431.03,3431.03,6385.84,6455.55,6254.36,3349.64,6671.42,7293.39,5928.97,632.55,77.41,6167.64,5632.27,6537.27
1991-03-01,469.101000,9.55,9.55,3544.14,3544.14,6548.17,6677.55,6353.87,3662.53,6956.36,7603.87,6183.09,689.73,84.31,6516.79,5968.91,6884.66
1991-04-01,496.319091,9.81,9.81,3634.89,3634.89,6567.36,6675.48,6394.60,3757.32,6940.01,7472.02,6268.72,692.42,83.63,6523.70,5896.68,6993.37
1991-05-01,490.933636,9.78,9.78,3613.41,3613.41,6836.88,6955.39,6650.89,3883.49,7251.55,7820.97,6538.21,697.54,84.93,6791.70,6147.76,7269.19
1991-06-01,490.375000,9.82,9.82,3619.50,3619.50,6526.35,6614.57,6374.42,3736.42,6991.80,7454.16,6380.25,676.41,80.74,6508.14,5818.80,7059.54
1991-07-01,489.368636,9.87,9.87,3632.87,3632.87,6840.40,6974.01,6641.25,3857.41,7336.07,7875.10,6646.37,669.64,80.40,6785.97,6092.51,7328.93
1991-08-01,513.250909,10.17,10.17,3732.99,3732.99,7015.72,7206.52,6759.40,3938.14,7565.10,8122.38,6852.67,660.20,79.43,7052.05,6378.74,7556.64
1991-09-01,520.559500,10.18,10.18,3724.71,3724.71,6919.88,7046.97,6726.55,3964.21,7514.27,8141.63,6741.32,670.43,78.52,7060.30,6424.16,7517.58
1991-10-01,528.923913,10.24,10.24,3739.95,3739.95,7037.25,7163.53,6843.52,4068.32,7645.01,8247.71,6890.30,659.84,76.75,7243.45,6640.52,7649.28
1991-11-01,536.583500,10.29,10.29,3748.71,3748.71,6776.23,6983.29,6506.75,3974.70,7336.77,7891.25,6633.91,657.60,74.21,6869.98,6267.33,7294.20
1991-12-01,544.100952,10.37,10.37,3767.96,3767.96,7540.73,7979.46,7038.29,4121.13,8121.73,8930.60,7169.80,688.77,79.98,7510.67,6968.76,7824.13
1992-01-01,615.734091,11.22,11.22,4069.34,4069.34,7431.12,7802.99,6989.56,4782.92,8371.14,9160.01,7416.75,722.86,83.75,8027.35,7422.63,8391.15
1992-02-01,632.048421,11.24,11.24,4067.47,4067.47,7511.62,7861.22,7088.71,5042.17,8588.67,9288.91,7675.05,724.09,83.54,8261.10,7545.54,8740.76
1992-03-01,619.599091,11.11,11.11,4009.97,4009.97,7338.19,7598.58,6997.30,4943.69,8382.08,8900.70,7591.38,718.01,81.73,7972.40,7158.94,8577.00
1992-04-01,582.790476,10.98,10.98,3958.35,3958.35,7497.88,7565.66,7328.33,4691.18,8299.75,8600.57,7650.43,712.48,80.38,7737.68,6782.22,8519.04
1992-05-01,581.473000,11.17,11.17,4017.13,4017.13,7545.25,7644.50,7346.64,4706.11,8310.22,8517.07,7719.50,721.03,80.70,7786.43,6758.28,8651.90
1992-06-01,566.658636,10.98,10.98,3939.90,3939.90,7414.60,7412.26,7309.09,4497.40,8075.89,8201.07,7550.34,704.95,78.27,7516.25,6428.77,8466.29
1992-07-01,568.716818,11.16,11.16,3995.64,3995.64,7720.28,7744.59,7586.32,4628.41,8380.28,8609.72,7770.70,728.28,78.56,7778.40,6698.51,8705.95
1992-08-01,568.997143,11.27,11.27,4024.28,4024.28,7564.21,7620.89,7403.25,4473.43,8134.03,8319.98,7566.36,732.00,77.37,7548.16,6490.63,8460.18
1992-09-01,580.680952,11.32,11.32,4034.20,4034.20,7648.61,7731.55,7462.73,4550.49,8274.78,8518.44,7661.83,757.98,80.31,7710.56,6669.15,8593.90
1992-10-01,585.011818,11.21,11.21,3988.81,3988.81,7713.21,7886.03,7445.93,4672.46,8506.93,8893.18,7787.54,757.76,81.17,7955.87,6976.64,8737.94
1992-11-01,630.863500,11.64,11.64,4130.18,4130.18,7986.11,8229.68,7651.33,5102.70,8949.35,9467.88,8118.80,772.76,81.87,8548.52,7607.48,9237.97
1992-12-01,661.280455,12.04,12.04,4262.59,4262.59,8106.49,8289.95,7824.74,5351.39,9278.31,9816.94,8416.54,793.01,85.90,8846.03,7840.69,9603.41
1993-01-01,691.134500,12.16,12.16,4296.15,4296.15,8165.29,8211.20,8008.07,5666.10,9477.60,10042.42,8587.60,845.82,91.87,9124.45,8024.29,9997.50
1993-02-01,681.717895,12.32,12.32,4345.22,4345.22,8237.43,8040.51,8301.03,5523.68,9397.62,9636.43,8731.25,900.88,96.31,8939.96,7710.64,10018.26
1993-03-01,684.490870,12.56,12.56,4418.40,4418.40,8430.33,8192.71,8528.62,5738.95,9771.14,10049.51,9057.72,963.05,102.78,9264.74,7985.61,10389.92
1993-04-01,665.329524,12.36,12.36,4343.19,4343.19,8200.04,7822.98,8441.67,5590.68,9515.98,9771.75,8832.94,904.97,96.95,8984.58,7715.48,10116.91
1993-05-01,686.451000,12.51,12.51,4381.90,4381.90,8356.59,8124.22,8451.74,5782.83,9827.73,10178.32,9055.14,888.32,95.43,9347.49,8045.66,10498.70
1993-06-01,695.382727,12.62,12.62,4410.71,4410.71,8399.62,8084.11,8575.79,5843.41,9937.03,10250.01,9188.71,921.99,97.93,9435.48,8105.75,10620.81
1993-07-01,703.395238,12.70,12.70,4433.26,4433.26,8368.13,7919.75,8676.41,5947.55,9983.83,10227.23,9288.46,931.95,99.91,9549.27,8166.19,10805.03
1993-08-01,725.148636,12.96,12.96,4511.68,4511.68,8691.47,8227.55,9009.85,6211.83,10500.20,10874.00,9675.21,953.94,101.99,9976.99,8588.85,11201.32
1993-09-01,745.943333,13.17,13.17,4575.85,4575.85,8660.24,8157.21,9018.13,6434.51,10576.83,11049.64,9669.87,992.10,106.61,10229.71,8906.22,11330.58
1993-10-01,771.307143,13.37,13.37,4639.95,4639.95,8785.40,8333.13,9085.62,6739.34,10643.18,11152.31,9701.31,961.54,103.62,10438.64,9030.68,11647.41
1993-11-01,764.038571,13.31,13.31,4605.94,4605.94,8663.24,8281.86,8889.28,6516.83,10307.20,10715.23,9469.60,912.50,99.10,10120.25,8690.99,11389.23
1993-12-01,762.944091,13.40,13.40,4628.00,4628.00,8802.54,8399.99,9048.47,6593.29,10738.05,11243.15,9794.68,913.05,98.98,10499.38,9026.65,11800.56
1994-01-01,787.768571,13.66,13.66,4709.94,4709.94,9073.10,8628.85,9358.41,6892.40,11016.76,11489.36,10090.59,935.15,101.95,10815.21,9241.19,12242.89
1994-02-01,787.809474,13.68,13.68,4708.72,4708.72,8832.56,8472.24,9031.77,6821.10,10927.50,11439.83,9968.52,976.67,106.12,10781.33,9244.49,12154.50
1994-03-01,785.925217,13.55,13.55,4651.39,4651.39,8453.61,8076.46,8679.56,6455.17,10433.95,10819.31,9615.36,937.01,101.21,10180.66,8682.99,11550.69
1994-04-01,732.295263,13.02,13.02,4462.47,4462.47,8562.44,8132.31,8845.50,6368.70,10528.74,10825.96,9783.10,949.85,102.34,10181.69,8653.67,11594.08
1994-05-01,727.764286,13.09,13.09,4477.79,4477.79,8675.12,8266.44,8931.22,6319.50,10422.64,10646.90,9746.55,969.51,104.47,10088.97,8535.27,11544.90
1994-06-01,723.209545,13.19,13.19,4502.42,4502.42,8447.82,8014.98,8736.64,6145.74,10152.06,10256.63,9593.23,950.12,102.41,9811.70,8182.52,11396.89
1994-07-01,713.490000,13.10,13.10,4463.74,4463.74,8721.90,8251.46,9046.83,6205.48,10477.50,10465.78,10005.60,944.90,102.65,10051.57,8391.55,11662.46
1994-08-01,738.867826,13.50,13.50,4590.04,4590.04,9081.64,8699.18,9298.12,6425.73,11048.58,11170.84,10432.49,945.09,102.57,10625.85,8960.66,12197.35
1994-09-01,763.938095,13.67,13.67,4635.11,4635.11,8872.16,8535.34,9041.74,6510.81,10841.30,11005.43,10197.60,931.67,100.86,10578.68,8891.07,12186.83
1994-10-01,762.457619,13.59,13.59,4599.88,4599.88,9052.55,8763.56,9165.34,6543.51,10901.11,11213.03,10100.23,893.56,97.17,10574.52,8980.74,12041.47
1994-11-01,760.419048,13.51,13.51,4564.66,4564.66,8731.41,8523.83,8761.29,6282.29,10325.98,10610.27,9579.12,862.91,93.37,10095.00,8578.57,11487.72
1994-12-01,734.991429,13.30,13.30,4480.58,4480.58,8840.86,8630.95,8870.81,6218.09,10502.83,10851.54,9680.17,937.30,100.61,10355.20,8817.29,11757.10
1995-01-01,758.012381,13.65,13.65,4591.59,4591.59,9080.86,8886.19,9088.33,6365.97,10603.13,10907.09,9823.90,905.15,97.36,10256.51,8691.86,11709.12
1995-02-01,784.243684,14.16,14.16,4750.89,4750.89,9449.29,9225.91,9480.31,6537.17,11184.93,11540.23,10325.89,919.90,100.40,10715.76,9122.72,12169.08
1995-03-01,807.162174,14.48,14.48,4847.57,4847.57,9699.28,9490.89,9707.71,6683.41,11537.44,12011.56,10535.79,918.61,100.99,10970.86,9407.88,12353.24
1995-04-01,825.338421,14.89,14.89,4976.40,4976.40,9950.43,9732.45,9963.87,6869.23,11686.34,12114.03,10723.81,912.37,100.26,11173.90,9502.26,12692.92
1995-05-01,859.759091,15.35,15.35,5120.95,5120.95,10329.37,10102.07,10344.48,7022.64,11978.64,12392.83,11016.47,950.14,103.58,11372.66,9685.96,12897.80
1995-06-01,906.035455,15.87,15.87,5283.39,5283.39,10609.24,10529.66,10448.23,7461.27,12490.33,13127.71,11281.50,969.23,105.38,11940.59,10262.96,13408.37
1995-07-01,979.363500,16.51,16.51,5487.88,5487.88,10985.85,10919.43,10800.81,7973.60,13258.06,14186.63,11719.97,982.61,107.08,12704.61,11085.72,14024.76
1995-08-01,1009.586087,16.74,16.74,5554.13,5554.13,11069.22,10964.96,10925.69,8256.45,13429.35,14275.96,11966.09,991.65,108.38,12916.72,11224.47,14326.96
1995-09-01,1051.000000,17.42,17.42,5766.43,5766.43,11529.98,11526.21,11260.04,8560.53,13737.95,14811.72,12027.99,1011.09,110.38,13171.76,11546.95,14460.82
1995-10-01,1022.137273,17.42,17.42,5758.74,5758.74,11480.50,11544.47,11140.90,8148.97,13414.11,14460.96,11746.07,980.05,106.96,12688.52,11210.12,13804.59
1995-11-01,1046.636667,17.78,17.78,5869.84,5869.84,11993.69,11992.97,11710.61,8316.30,14012.58,15033.10,12343.09,991.61,108.07,13258.00,11681.96,14469.78
1995-12-01,1047.035000,18.30,18.30,6026.03,6026.03,12166.05,12046.74,12006.45,8482.87,14097.45,15064.63,12478.59,1052.00,114.34,13572.99,11892.32,14912.93
1996-01-01,1024.945455,18.28,18.28,6011.64,6011.64,12576.89,12510.48,12350.52,8584.31,14269.01,15274.67,12602.43,1064.94,115.91,13512.36,11747.50,14985.12
1996-02-01,1094.016500,19.34,19.34,6348.89,6348.89,12755.21,12722.53,12488.28,8835.96,14663.05,15870.03,12767.16,1074.09,117.31,13948.21,12238.94,15296.61
1996-03-01,1092.647143,19.40,19.40,6357.28,6357.28,12867.82,12729.76,12711.42,9095.49,14956.02,16155.45,13056.57,1081.59,118.54,14268.41,12479.86,15709.96
1996-04-01,1135.628095,19.57,19.57,6405.80,6405.80,13075.64,13005.96,12837.82,9844.67,15564.16,16961.36,13419.19,1069.50,118.33,15074.92,13365.62,16333.44
1996-05-01,1220.540455,20.20,20.20,6597.84,6597.84,13386.50,13463.26,12977.33,10547.84,15918.32,17417.70,13644.37,1092.18,121.44,15582.90,13812.97,16888.35
1996-06-01,1205.075500,20.33,20.33,6629.08,6629.08,13401.52,13501.59,12965.79,9976.66,15444.20,16596.30,13582.59,1112.92,123.44,15022.27,13119.26,16583.74
1996-07-01,1105.612727,19.40,19.40,6318.00,6318.00,12766.08,12766.01,12457.60,8922.99,14477.68,15372.64,12939.97,1118.79,123.48,13848.06,11918.85,15555.76
1996-08-01,1134.245909,19.95,19.95,6483.10,6483.10,13096.10,13087.31,12789.42,9418.04,15313.67,16395.67,13533.90,1155.73,126.78,14646.63,12681.54,16336.20
1996-09-01,1186.442000,20.43,20.43,6628.40,6628.40,13842.63,14028.52,13297.51,9818.96,16049.66,17283.84,14070.65,1186.56,130.69,15297.39,13347.86,16902.19
1996-10-01,1234.042174,21.17,21.17,6858.61,6858.61,14134.82,14165.77,13733.55,9567.69,16086.18,17003.43,14438.90,1217.84,134.81,15085.96,12897.82,17072.95
1996-11-01,1259.831000,21.98,21.98,7108.21,7108.21,15173.69,15283.36,14667.72,9736.54,16944.38,17851.67,15271.19,1272.94,139.65,15706.96,13353.12,17892.20
1996-12-01,1292.150952,22.27,22.27,7190.98,7190.98,14905.81,14931.24,14490.51,9994.00,16955.50,17747.97,15401.50,1358.30,147.97,15931.43,13481.18,18244.61
1997-01-01,1345.420000,23.00,23.00,7417.32,7417.32,15813.13,16086.17,15128.48,10461.23,17482.89,18430.15,15746.12,1438.54,156.72,16245.02,13711.42,18657.60
1997-02-01,1349.170000,23.75,23.75,7647.45,7647.45,15880.92,15985.16,15362.44,10153.44,17294.69,18007.17,15809.43,1450.84,159.27,15890.57,13169.15,18624.93
1997-03-01,1282.855500,23.49,23.49,7552.49,7552.49,15181.62,15181.40,14786.18,9584.81,16492.82,16833.58,15431.28,1488.69,163.30,15111.46,12279.37,18090.51
1997-04-01,1225.003636,22.57,22.57,7246.80,7246.80,16022.73,16297.54,15296.25,9204.25,16773.72,17128.74,15684.33,1416.61,155.01,15095.20,12251.48,18095.33
1997-05-01,1352.559048,24.52,24.52,7860.85,7860.85,17045.58,17375.51,16230.17,10143.37,18098.06,18720.20,16647.61,1432.56,157.56,16807.01,13739.63,19983.29
1997-06-01,1422.452857,25.91,25.91,8293.63,8293.63,17773.57,18174.09,16859.43,10718.61,18909.40,19653.04,17285.60,1479.36,162.52,17722.53,14528.13,21004.40
1997-07-01,1531.141364,27.39,27.39,8756.43,8756.43,19221.33,19924.27,17926.13,11282.26,20299.13,21079.64,18577.06,1547.63,169.71,18768.22,15406.59,22207.74
1997-08-01,1596.741905,27.71,27.71,8848.71,8848.71,18271.20,18815.93,17180.64,11777.21,20342.23,21159.22,18574.07,1558.24,171.22,19089.23,15681.24,22568.30
1997-09-01,1660.149048,28.37,28.37,9047.97,9047.97,19261.59,19762.48,18195.54,12956.14,21548.86,22459.59,19620.56,1622.51,178.23,20464.62,16840.71,24141.77
1997-10-01,1682.274783,28.93,28.93,9214.82,9214.82,18647.76,18983.64,17777.17,12539.63,20602.70,21355.28,18906.11,1690.89,185.02,19591.90,16043.15,23234.88
1997-11-01,1600.974737,28.41,28.41,9036.94,9036.94,19445.60,19615.19,18734.84,12292.72,20904.32,21549.33,19333.99,1658.89,180.66,19465.97,15840.12,23242.07
1997-12-01,1566.996818,28.95,28.95,9197.75,9197.75,19820.56,19951.30,19142.10,12194.87,21393.33,21734.94,20192.21,1691.50,183.87,19893.40,16150.36,23811.53
1998-01-01,1570.234500,28.97,28.97,9192.42,9192.42,19982.15,20329.83,19061.85,12151.11,21049.89,21284.87,19997.58,1712.47,185.84,19683.63,15978.84,23562.36
1998-02-01,1714.872105,30.80,30.80,9762.20,9762.20,21431.10,22177.14,20033.07,12939.21,22693.48,23167.50,21271.42,1694.54,184.51,21237.37,17372.29,25210.97
1998-03-01,1781.269545,32.42,32.42,10260.91,10260.91,22538.99,23253.57,21145.64,13617.62,23749.25,24125.71,22417.84,1661.81,181.57,22223.46,18132.50,26456.06
1998-04-01,1852.300000,33.53,33.53,10600.39,10600.39,22797.95,23854.18,21065.82,13921.44,23853.13,24492.77,22245.89,1677.67,183.31,22346.32,18281.92,26529.48
1998-05-01,1836.392500,33.32,33.32,10524.51,10524.51,22313.97,23304.15,20660.75,13222.55,22912.41,23228.01,21676.49,1652.67,180.30,21165.78,17120.91,25416.67
1998-06-01,1795.744545,33.02,33.02,10415.65,10415.65,23249.32,24779.91,21040.86,12869.24,23118.95,23768.58,21529.27,1599.24,174.01,21400.09,17551.80,25341.66
1998-07-01,1941.576818,34.33,34.33,10821.56,10821.56,22953.23,24667.11,20573.74,12095.81,21842.83,22322.94,20477.54,1619.87,175.93,19902.01,16279.74,23631.35
1998-08-01,1784.750476,31.63,31.63,9953.81,9953.81,19539.82,20381.28,18120.98,9527.91,17819.27,17448.06,17477.36,1486.91,160.57,16033.06,12633.99,19742.92
1998-09-01,1663.427143,29.72,29.72,9341.40,9341.40,20842.40,21685.46,19383.66,10038.27,19062.91,18809.06,18550.28,1402.23,150.39,17130.25,13606.95,20931.63
1998-10-01,1615.694545,29.86,29.86,9373.85,9373.85,22490.30,23607.12,20712.94,10349.47,20271.10,20148.54,19572.53,1385.04,148.12,17978.07,14406.18,21773.06
1998-11-01,1888.721000,33.40,33.40,10474.82,10474.82,23901.67,25422.98,21677.00,11146.12,21080.46,21117.53,20184.93,1440.98,155.04,18955.74,15475.09,22516.75
1998-12-01,2071.032727,34.69,34.69,10863.24,10863.24,25486.74,27637.88,22572.23,11469.10,22326.00,22836.88,20892.88,1430.65,154.09,20162.65,16834.40,23372.73
1999-01-01,2357.800000,36.71,36.71,11486.86,11486.86,25899.19,28457.39,22559.11,11868.97,22211.87,23030.56,20461.08,1431.97,155.26,20359.83,17202.90,23285.99
1999-02-01,2356.988421,36.44,36.44,11390.81,11390.81,25837.55,28717.03,22172.95,11510.43,21341.44,22107.42,19683.34,1386.84,151.35,19410.46,16531.97,21997.95
1999-03-01,2391.140000,37.32,37.32,11652.66,11652.66,26540.73,29571.87,22701.36,11090.75,21403.48,22224.71,19682.08,1362.42,149.00,19273.06,16583.76,21577.13
1999-04-01,2537.886667,39.00,39.00,12167.43,12167.43,27624.50,30814.45,23556.48,11577.73,22464.74,23448.11,20505.28,1434.88,157.10,20275.41,17434.98,22663.70
1999-05-01,2512.595000,39.23,39.23,12227.00,12227.00,27579.13,29983.62,24188.33,12423.58,23756.25,24193.06,22207.34,1541.04,168.53,21517.68,18142.35,24521.10
1999-06-01,2520.958636,38.94,38.94,12120.93,12120.93,27307.33,29735.46,23907.88,12555.16,23760.10,23974.95,22406.89,1532.39,166.60,21727.56,18193.58,24925.61
1999-07-01,2741.263810,40.64,40.64,12640.11,12640.11,28483.23,31506.84,24510.19,13339.08,24722.56,25361.87,22931.26,1487.36,161.57,22774.04,19368.63,25712.91
1999-08-01,2642.449091,38.90,38.90,12085.99,12085.99,27288.68,30041.33,23606.35,12738.77,23687.71,24033.21,22231.64,1444.40,156.13,21679.73,18165.05,24865.81
1999-09-01,2807.946667,38.78,38.78,12034.92,12034.92,27195.63,30606.97,22940.63,12894.30,23626.78,24468.48,21695.87,1416.28,152.49,21734.47,18539.00,24449.97
1999-10-01,2815.276667,38.30,38.30,11875.49,11875.49,26916.09,30437.38,22575.61,12546.70,23126.34,24197.87,21004.18,1364.27,146.26,21238.12,18347.66,23556.74
1999-11-01,3230.548571,41.39,41.39,12818.31,12818.31,28998.82,33336.54,23838.60,13556.35,25423.83,27856.97,21912.67,1364.94,146.75,23233.41,21078.98,24299.47
1999-12-01,3739.878636,43.13,43.13,13343.23,13343.23,30125.75,36017.78,23526.80,15016.36,26928.20,31160.66,21622.78,1336.25,143.56,24629.38,23551.55,23953.77
2000-01-01,4013.494000,43.66,43.66,13497.46,13497.46,30243.00,36487.73,23323.52,16839.87,28457.98,33893.30,21915.11,1418.77,152.39,25970.56,25422.73,24363.49
2000-02-01,4410.871000,43.49,43.49,13432.01,13432.01,29763.26,36580.57,22351.87,19027.77,29820.94,37097.58,21431.02,1393.21,149.05,27680.93,28276.01,24170.87
2000-03-01,4802.988261,45.70,45.70,14096.29,14096.29,31152.55,38812.31,22923.45,20741.80,32617.13,41129.80,22917.87,1396.58,149.35,29620.62,30731.80,25144.87
2000-04-01,3863.637368,44.04,44.04,13572.95,13572.95,30777.59,37060.16,23704.05,16373.12,28528.51,32223.61,23165.20,1494.48,160.17,24918.02,23178.43,24707.10
2000-05-01,3528.416818,42.63,42.63,13123.64,13123.64,29787.35,35231.95,23452.84,15332.56,28541.21,31305.62,23783.95,1572.72,168.35,24411.80,22031.00,24985.27
2000-06-01,3865.476818,44.36,44.36,13645.80,13645.80,30976.64,37346.55,23816.88,15870.93,29726.82,33414.14,24233.33,1608.51,172.94,25678.56,23793.18,25525.32
2000-07-01,4017.685000,44.91,44.91,13801.29,13801.29,31339.92,38440.93,23562.41,16473.16,30095.67,34023.86,24404.51,1687.30,182.06,26368.86,24648.41,25957.70
2000-08-01,3909.596957,45.12,45.12,13853.29,13853.29,31608.74,38465.29,24011.34,15942.05,30074.38,32879.73,25119.37,1731.18,186.31,25895.23,23357.56,26538.82
2000-09-01,3875.822000,45.10,45.10,13838.03,13838.03,31488.48,38136.71,24073.28,16614.62,30508.70,33082.06,25684.94,1726.28,185.51,26436.94,23909.68,27035.77
2000-10-01,3333.824545,42.30,42.30,12973.08,12973.08,29643.73,34456.34,23856.93,15116.16,28332.26,29541.26,24701.47,1675.52,179.21,24163.14,20995.80,25814.12
2000-11-01,3055.415238,41.54,41.54,12731.04,12731.04,29125.94,32533.38,24526.33,14541.04,28007.25,27817.08,25445.12,1677.39,180.18,23831.40,19979.52,26411.44
2000-12-01,2657.807500,39.98,39.98,12236.14,12236.14,28069.37,30096.13,24678.79,13093.97,27494.97,25526.55,26303.95,1785.26,191.31,22867.02,18011.20,26879.16
2001-01-01,2656.864286,40.26,40.26,12310.51,12310.51,28107.71,29952.06,24861.15,14248.80,27850.37,25216.03,27128.75,1813.51,195.88,23822.73,18494.63,28358.28
2001-02-01,2449.569474,39.42,39.42,12047.00,12047.00,27404.02,28323.11,24992.46,14629.87,28007.18,24693.16,27799.82,1794.31,194.13,24045.44,18231.21,29241.83
2001-03-01,1986.663182,35.70,35.70,10899.38,10899.38,24773.68,24157.08,23829.46,13414.40,25903.32,21223.26,26977.06,1805.95,193.69,21992.97,15578.22,28282.97
2001-04-01,1933.928000,35.76,35.76,10905.82,10905.82,24841.36,24108.63,23925.80,13142.53,25968.99,21290.78,27004.51,1801.62,193.23,21832.28,15404.96,28097.58
2001-05-01,2181.128636,38.50,38.50,11730.28,11730.28,26609.45,26313.20,25122.20,14955.24,28413.60,24050.61,28900.33,1862.93,201.18,24438.31,17919.29,30285.74
2001-06-01,2112.052857,37.69,37.69,11471.80,11471.80,25979.68,25465.76,24761.16,15477.75,28177.76,23437.61,29016.99,1955.28,209.70,24307.51,17554.37,30591.52
2001-07-01,2033.978571,36.72,36.72,11163.94,11163.94,25277.48,24301.94,24592.90,15495.40,27623.39,22426.66,28923.45,1983.43,212.30,23804.64,16833.38,30579.36
2001-08-01,1929.712609,35.92,35.92,10907.37,10907.37,24698.80,23253.63,24553.37,15193.70,27281.37,21386.54,29235.72,2049.83,219.10,23402.00,16080.35,30869.83
2001-09-01,1573.310000,31.76,31.76,9636.40,9636.40,21889.99,19907.60,22513.97,13477.13,24118.54,18290.68,26393.82,1940.05,203.92,20383.19,13438.15,27872.62
2001-10-01,1656.428261,32.70,32.70,9905.22,9905.22,22565.04,20958.16,22722.05,13702.79,24505.59,19002.18,26393.37,1917.59,201.00,20845.12,13929.76,28086.88
2001-11-01,1870.062381,34.39,34.39,10410.11,10410.11,23673.85,22450.15,23326.32,14764.79,25995.92,20488.19,27676.26,1961.83,205.59,22370.97,15233.85,29583.68
2001-12-01,1977.710500,35.18,35.18,10637.84,10637.84,24089.55,22917.45,23655.03,15795.78,27294.09,21732.93,28842.03,2033.22,213.79,23915.53,16428.94,31342.80
2002-01-01,1976.768571,35.22,35.22,10639.07,10639.07,24066.99,22727.73,23820.52,16662.88,27490.95,21669.25,29268.86,2051.18,216.77,24190.82,16518.46,31902.94
2002-02-01,1799.718947,34.09,34.09,10284.68,10284.68,23316.21,21417.63,23748.64,15945.52,27044.94,20684.13,29428.56,2067.24,219.07,23246.07,15323.19,31761.00
2002-03-01,1863.045500,35.84,35.84,10800.00,10800.00,24480.83,22248.46,25201.96,16666.14,28790.35,22012.10,31334.51,2190.05,232.52,24772.69,16231.73,34041.55
2002-04-01,1758.802273,34.88,34.88,10500.87,10500.87,23686.92,21091.49,24913.15,17318.47,28853.35,21615.36,31852.95,2257.46,239.30,25057.59,16093.67,35107.17
2002-05-01,1660.310909,34.03,34.03,10232.53,10232.53,23084.61,20208.08,24716.99,17293.09,28538.95,21182.64,31706.69,2236.94,236.73,24581.26,15535.45,34968.34
2002-06-01,1505.487500,31.99,31.99,9606.97,9606.97,21740.53,18847.97,23509.24,16482.21,26857.55,19518.97,30269.49,2281.14,240.60,22745.22,14068.46,33003.89
2002-07-01,1346.085455,28.53,28.53,8558.22,8558.22,19407.53,16831.91,20978.18,15146.30,23763.72,16919.69,27148.61,2141.26,224.58,20186.34,12204.47,29887.37
2002-08-01,1327.360455,28.77,28.77,8618.94,8618.94,19667.00,17236.58,21032.65,14459.98,23786.13,16878.32,27232.76,2144.14,223.93,19822.60,11981.65,29355.47
2002-09-01,1251.069000,27.52,27.52,8232.31,8232.31,18768.54,16468.50,20047.21,14017.04,23027.97,16323.84,26381.95,2162.23,224.94,19320.01,11634.35,28703.59
2002-10-01,1241.911739,27.00,27.00,8063.23,8063.23,18481.55,16432.95,19465.22,13356.05,21946.78,15669.69,24998.72,2001.95,208.18,18371.02,11119.10,27151.76
2002-11-01,1409.151500,28.79,28.79,8586.80,8586.80,19667.19,17554.27,20628.44,14748.20,23340.61,16980.48,26203.51,2064.49,215.22,19921.99,12307.28,28866.54
2002-12-01,1387.151905,28.59,28.59,8511.96,8511.96,19490.54,17226.61,20660.88,15148.64,23598.04,17024.49,26666.89,2107.97,219.91,20093.15,12283.04,29416.55
2003-01-01,1389.559524,28.51,28.51,8477.13,8477.13,19439.79,17146.04,20652.84,15331.57,23566.55,16950.35,26692.99,2083.10,217.67,19989.47,12161.96,29398.70
2003-02-01,1313.261579,26.74,26.74,7941.79,7941.79,18234.57,16043.51,19423.25,14761.51,22189.93,15884.58,25225.84,2066.61,215.31,18722.95,11325.69,27688.46
2003-03-01,1348.503810,27.06,27.06,8022.38,8022.38,18480.35,16492.33,19384.73,14675.83,22298.45,16081.01,25204.11,2120.85,221.00,18728.81,11353.89,27639.60
2003-04-01,1409.830952,28.49,28.49,8434.21,8434.21,19428.92,17477.90,20197.33,15638.78,23390.85,16941.48,26349.93,2234.47,232.96,19893.92,12083.83,29307.27
2003-05-01,1524.182857,30.17,30.17,8920.10,8920.10,20472.53,18208.87,21560.63,17502.36,25110.27,18424.26,27973.85,2342.64,244.14,21868.78,13406.95,31914.13
2003-06-01,1631.750952,32.00,32.00,9448.12,9448.12,21645.85,19063.87,23048.71,19635.94,26831.31,19940.27,29557.71,2403.10,251.34,23653.91,14682.99,34071.77
2003-07-01,1716.851364,32.39,32.39,9550.67,9550.67,21809.10,19318.06,23075.04,21088.34,27478.41,20597.25,30034.54,2487.88,260.26,24585.98,15332.44,35239.28
2003-08-01,1724.822857,32.43,32.43,9548.19,9548.19,21796.30,19233.88,23158.77,21577.99,27770.38,20788.89,30390.94,2529.40,265.65,24952.81,15623.43,35610.90
2003-09-01,1856.224762,33.62,33.62,9885.39,9885.39,22490.90,19930.87,23784.39,23854.30,29117.91,21967.03,31638.85,2615.54,274.77,26589.25,16766.50,37652.31
2003-10-01,1907.891304,34.36,34.36,10091.69,10091.69,22968.01,20254.62,24420.84,24981.13,30066.81,22585.33,32804.51,2720.04,286.10,27317.48,17160.20,38862.67
2003-11-01,1939.253158,34.94,34.94,10243.91,10243.91,23285.31,20427.92,24898.83,26122.14,31050.17,23377.46,33807.44,2769.24,290.55,28238.00,17668.34,40333.37
2003-12-01,1956.984545,35.93,35.93,10520.59,10520.59,23955.55,20884.23,25789.42,26784.25,31794.55,23625.73,35027.78,2864.17,300.44,28926.87,17851.69,41887.88
2004-01-01,2098.004000,37.76,37.76,11040.63,11040.63,25101.52,21832.57,27089.89,29376.88,33342.31,24710.54,36816.74,2920.27,307.17,30757.39,18998.04,44500.00
2004-02-01,2048.360000,38.15,38.15,11139.73,11139.73,25396.22,22135.77,27345.70,29597.82,33764.24,25010.14,37299.40,3047.42,320.40,30814.97,19020.24,44613.67
2004-03-01,1979.478696,37.68,37.68,10988.35,10988.35,25045.89,21744.74,27079.37,29235.45,33804.13,25004.06,37390.09,3161.76,332.45,30788.41,18969.78,44655.07
2004-04-01,2021.322857,38.05,38.05,11084.01,11084.01,25275.09,22067.60,27189.18,30002.63,34187.12,25603.66,37362.32,2903.65,307.67,31266.50,19433.60,44965.14
2004-05-01,1930.089000,36.89,36.87,10730.96,10726.53,24612.18,21534.97,26438.53,27901.97,32570.03,24456.48,35502.58,2801.60,297.30,29645.92,18505.72,42459.23
2004-06-01,2000.979524,37.98,37.97,11032.59,11029.55,25309.76,22149.95,27178.33,28557.22,33964.94,25374.38,37205.59,3013.06,319.65,30842.54,19109.46,44469.78
2004-07-01,1912.424286,37.13,37.10,10774.56,10765.95,24755.96,21522.32,26755.52,27300.87,33246.15,24597.12,36758.36,3111.21,329.90,30170.74,18425.80,44126.36
2004-08-01,1821.538182,36.49,36.44,10572.12,10557.58,24390.57,21010.16,26585.11,25926.61,32318.03,23643.08,36108.57,3196.67,337.89,29180.74,17632.51,43137.76
2004-09-01,1884.730952,37.67,37.64,10896.61,10888.48,25112.59,21609.22,27390.80,27208.76,33685.86,24730.81,37510.70,3317.64,351.25,30680.14,18669.68,45061.97
2004-10-01,1938.252381,37.86,37.86,10937.16,10941.77,25186.13,21546.22,27603.96,27684.25,34189.38,25108.57,38064.33,3443.09,364.59,31268.40,19109.17,45722.43
2004-11-01,2062.870000,39.71,39.74,11453.67,11468.36,26368.49,22472.05,28982.78,29114.74,36219.62,26665.90,40219.12,3604.57,381.91,33237.91,20359.07,48451.05
2004-12-01,2149.531818,40.97,41.02,11801.18,11817.49,27155.36,23168.95,29823.51,31093.73,37742.22,27908.81,41714.90,3797.59,403.59,34684.11,21252.38,50500.34
2005-01-01,2071.871500,40.34,40.38,11605.09,11621.93,26802.55,22818.79,29485.84,30759.45,36894.69,27449.95,40516.26,3622.81,386.72,33500.14,20555.89,48654.06
2005-02-01,2065.735789,41.12,41.14,11813.60,11823.05,27291.41,23014.07,30294.14,31057.94,37990.91,28436.11,41457.41,3650.80,390.32,34489.57,21209.71,50007.34
2005-03-01,2030.433636,41.06,41.05,11775.96,11778.77,27268.74,22860.52,30440.16,30201.10,38169.38,28775.41,41331.33,3629.49,388.46,34360.88,21109.97,49903.59
2005-04-01,1957.492857,40.03,40.01,11469.25,11467.71,26646.66,22212.27,29890.24,28534.24,36880.75,27900.60,39786.49,3643.39,389.22,33071.30,20369.51,47920.00
2005-05-01,2005.217143,40.58,40.57,11609.29,11611.68,27044.90,22569.57,30307.57,28341.27,37288.10,28160.09,40302.36,3872.26,410.75,33301.26,20529.12,48213.66
2005-06-01,2074.017273,41.73,41.75,11919.22,11931.16,27718.53,23247.89,30927.93,29725.35,39043.04,29511.45,42158.12,4068.75,432.23,35052.18,21598.63,50770.53
2005-07-01,2145.139000,42.74,42.80,12190.83,12215.55,28275.46,23937.11,31289.92,31515.80,40715.30,30725.75,44041.59,4294.11,456.57,36786.59,22666.06,53285.01
2005-08-01,2157.848261,42.87,42.92,12210.21,12233.15,28373.31,24152.21,31243.59,31913.66,40988.75,31135.18,44021.61,4227.96,449.16,36737.94,22666.89,53146.67
2005-09-01,2144.611905,43.05,43.05,12244.47,12252.46,28482.30,24199.26,31416.85,32308.18,41298.08,31480.00,44207.83,4268.47,452.19,36998.04,22883.51,53399.43
2005-10-01,2087.092857,41.86,41.88,11890.22,11904.47,27738.60,23723.34,30416.79,31149.54,39956.26,30884.29,42225.54,4091.81,434.65,35562.08,22106.40,51083.55
2005-11-01,2202.835714,43.59,43.65,12362.24,12388.61,28885.51,24814.46,31547.16,31876.60,41605.09,32396.43,43667.82,4264.05,452.66,37129.38,23133.23,53220.23
2005-12-01,2246.087143,44.59,44.63,12626.63,12648.76,29526.02,25404.00,32201.21,32676.10,42839.17,33403.13,44905.36,4412.37,469.12,38213.50,23903.37,54567.31
2006-01-01,2289.991500,45.47,45.49,12856.29,12874.14,30007.33,25801.20,32746.18,34262.05,44239.04,34517.53,46343.83,4623.65,490.59,39698.58,24903.96,56529.59
2006-02-01,2273.666316,45.54,45.57,12859.93,12880.61,29963.87,25590.64,32898.47,35263.86,44562.35,34716.37,46750.25,4751.04,502.73,40515.36,25441.80,57636.04
2006-03-01,2300.255652,46.25,46.29,13036.53,13059.84,30396.10,25823.78,33528.11,35838.79,45464.52,35496.66,47582.96,4998.81,529.11,41435.42,26081.70,58812.27
2006-04-01,2338.677368,46.78,46.85,13172.27,13204.77,30673.77,26028.84,33867.72,36859.21,46384.35,36431.06,48221.49,4879.25,518.26,42511.15,26932.26,59968.19
2006-05-01,2245.281818,46.33,46.40,13025.56,13058.95,30422.85,25522.15,33952.88,35949.58,45548.03,35544.46,47695.81,4797.33,509.20,41737.76,26161.77,59487.53
2006-06-01,2137.413636,44.88,44.95,12597.84,12631.62,29575.84,24678.55,33171.87,34098.24,43401.69,33396.96,46154.33,4877.00,517.59,39565.85,24419.12,57220.49
2006-07-01,2086.207500,45.09,45.12,12641.69,12663.98,29766.26,24433.96,33884.42,33420.78,43118.25,33005.81,46112.74,5123.56,543.85,39424.11,24104.65,57510.40
2006-08-01,2117.770870,45.94,45.91,12860.09,12866.23,30414.41,24732.19,34911.63,33077.23,43247.50,32919.94,46528.56,5244.26,556.55,39525.57,23984.54,58054.43
2006-09-01,2221.939000,47.11,47.12,13165.06,13182.77,31176.66,25451.48,35664.79,33982.66,44307.87,33848.93,47489.17,5454.23,579.11,40604.84,24721.86,59459.47
2006-10-01,2330.174545,48.83,48.88,13628.52,13659.43,32298.44,26360.06,36959.55,35259.64,45814.30,35000.59,49104.48,5696.10,604.56,42210.14,25802.29,61576.84
2006-11-01,2408.700000,49.95,50.05,13920.99,13965.02,33003.21,26981.05,37707.02,36262.86,47194.51,36098.71,50521.04,5811.01,616.95,43536.11,26675.15,63369.27
2006-12-01,2431.908000,51.09,51.18,14213.73,14257.52,33759.69,27513.73,38682.57,37157.13,48598.05,37288.22,51859.60,5992.66,636.22,44461.81,27177.12,64865.62
2007-01-01,2453.187000,51.44,51.58,14293.09,14349.56,34023.10,27738.54,38970.99,37374.08,49129.94,37746.28,52356.97,6193.40,657.94,44503.85,27203.98,64923.06
2007-02-01,2479.864211,52.53,52.67,14573.35,14631.52,34636.58,28202.84,39720.03,38697.79,51261.43,39300.28,54746.17,6601.52,701.68,46329.40,28328.65,67566.38
2007-03-01,2401.490909,51.27,51.40,14199.51,14255.89,33809.27,27515.36,38793.59,37468.58,50222.49,38449.83,53710.19,6187.07,657.08,45226.57,27708.64,65830.62
2007-04-01,2499.568000,53.39,53.50,14771.34,14821.38,35203.76,28636.53,40413.59,38880.00,52455.17,40281.04,55895.57,6270.91,665.61,47179.78,29072.57,68275.57
2007-05-01,2562.140909,55.03,55.06,15204.31,15232.13,36353.31,29429.70,41936.86,38866.96,53939.70,41542.22,57276.94,6048.29,642.30,48212.02,29727.73,69724.25
2007-06-01,2595.396190,55.34,55.41,15265.23,15307.11,36519.44,29723.76,41898.48,39303.29,54366.27,42310.67,57001.47,5827.35,618.74,48781.14,30323.42,69965.46
2007-07-01,2655.076190,55.61,55.70,15321.33,15368.68,36738.86,30074.79,41901.45,39004.99,54489.67,42801.20,56478.77,5592.19,593.65,48702.09,30506.43,69296.35
2007-08-01,2539.498696,53.07,53.13,14599.32,14638.75,35171.72,28855.24,40023.08,36155.25,50756.60,40271.28,51944.80,5316.46,564.73,45606.55,28815.14,64299.07
2007-09-01,2634.470000,54.70,54.76,15023.73,15063.06,36291.69,29851.91,41185.15,36818.52,52175.59,41722.64,52856.46,5530.78,587.20,46760.35,29668.79,65627.44
2007-10-01,2780.415652,56.47,56.62,15490.91,15556.31,37444.56,31100.09,42062.55,37971.12,54169.64,43722.24,54134.51,5790.83,614.95,48453.13,31086.69,67209.98
2007-11-01,2662.802381,53.73,53.87,14714.02,14776.53,35718.71,30116.34,39477.47,35023.38,51319.71,41435.99,51249.71,5211.42,553.09,45377.70,29195.44,62752.18
2007-12-01,2661.548500,54.35,54.49,14857.39,14920.72,36204.25,30532.01,40004.80,34297.49,51511.51,41521.25,51566.80,5058.28,536.50,45381.24,29179.74,62796.37
2008-01-01,2418.093810,50.60,50.70,13811.95,13864.85,33774.64,28270.40,37627.14,31717.78,47485.16,38183.57,47704.68,4656.82,494.05,41619.16,26675.51,57795.41
2008-02-01,2325.825500,50.07,50.19,13645.79,13703.37,33325.01,27898.15,37120.85,31374.35,48426.84,38765.02,48970.33,4800.52,509.37,42149.66,26520.93,59700.25
2008-03-01,2254.818000,48.59,48.68,13217.00,13265.36,32407.28,27238.99,35941.72,29615.54,46290.69,37063.14,46791.27,4870.84,516.28,40406.22,25355.61,57395.39
2008-04-01,2368.099545,50.69,50.78,13769.45,13821.85,33817.72,28584.52,37275.35,30280.44,48494.32,38898.54,48875.89,5316.85,563.55,42139.41,26583.53,59549.23
2008-05-01,2483.240952,52.16,52.27,14146.89,14202.67,34759.84,29712.99,37833.88,30878.35,50787.98,40949.36,50794.84,5395.91,572.04,43838.07,27899.28,61392.05
2008-06-01,2427.454286,50.38,50.55,13641.35,13712.03,33481.33,29265.18,35508.08,30747.08,50048.17,40910.44,49020.40,5074.49,537.94,43180.72,28027.70,59217.48
2008-07-01,2278.137273,47.20,47.31,12761.15,12814.86,31389.95,27304.16,33482.13,28811.51,46404.23,37836.50,45631.17,4742.40,502.85,40234.28,26281.36,54795.80
2008-08-01,2389.267143,48.26,48.38,13024.89,13082.88,31982.17,27859.71,34055.46,30008.22,47577.90,38419.40,47486.92,4968.13,527.36,42200.63,27250.40,58207.81
2008-09-01,2205.203333,45.94,46.07,12373.78,12432.85,30404.88,26079.24,32969.19,28539.32,45053.35,35512.60,46637.14,4981.94,528.27,40557.56,25502.87,57542.93
2008-10-01,1730.319565,36.22,36.26,9739.61,9771.35,24139.56,20302.94,26738.56,21824.91,33486.19,25842.83,35622.30,3564.15,375.95,30338.43,18650.40,44007.12
2008-11-01,1542.695789,32.83,32.85,8805.90,8829.47,21999.29,18473.85,24407.02,18854.88,29318.18,22570.26,31275.29,2648.56,278.55,26377.78,16116.55,38481.69
2008-12-01,1525.890455,32.72,32.75,8752.53,8779.44,21934.54,18352.52,24425.12,18088.56,29420.39,22658.01,31366.43,2709.46,284.26,26297.32,16018.36,38473.65
2009-01-01,1537.200500,32.59,32.64,8699.81,8732.94,21787.55,18701.51,23629.77,18312.50,30384.79,23856.91,31665.53,2639.24,277.04,26792.47,16552.59,38678.69
2009-02-01,1485.976842,30.45,30.54,8107.51,8152.23,20379.66,17964.89,21470.67,16977.44,28421.53,22997.09,28526.79,2212.74,232.34,24789.27,15666.48,35001.06
2009-03-01,1432.233182,28.70,28.87,7621.98,7683.30,19265.87,17067.35,20182.36,15630.03,26692.22,21915.00,26281.47,1934.75,203.28,22906.00,14565.54,32142.55
2009-04-01,1641.147619,32.39,32.60,8586.51,8663.90,21578.86,19185.59,22540.67,18581.60,31341.75,25707.19,30903.95,2380.70,250.46,27550.10,17376.95,38983.70
2009-05-01,1726.077500,34.58,34.81,9148.83,9230.91,22956.24,20286.19,24114.52,21254.75,33927.33,27973.76,33271.91,2601.89,273.77,30157.99,19040.23,42632.02
2009-06-01,1826.988182,35.62,35.85,9405.92,9490.60,23606.03,21030.51,24612.38,23233.64,34788.51,28850.22,33907.76,2654.39,279.19,31352.22,20153.82,43496.72
2009-07-01,1873.837727,36.07,36.31,9518.54,9606.38,23902.09,21327.06,24885.73,23778.49,35146.32,29158.84,34246.74,2621.99,275.85,31747.33,20437.69,43976.44
2009-08-01,1997.155238,39.09,39.38,10305.85,10408.60,25804.41,22888.69,27013.53,26371.94,39303.04,32153.88,38833.21,3198.01,337.03,35504.02,22291.82,50444.10
2009-09-01,2084.747143,40.57,40.90,10689.03,10802.35,26718.28,23838.79,27820.31,28076.87,41452.30,34047.10,40788.44,3445.13,363.55,37491.04,23655.10,53008.37
2009-10-01,2122.849545,41.47,41.82,10920.58,11038.52,27338.59,24426.25,28427.84,28440.46,42361.70,34915.33,41496.94,3456.26,364.72,38007.18,24045.82,53585.17
2009-11-01,2143.532500,42.11,42.43,11081.22,11191.81,27892.33,24959.93,28958.80,26589.17,42363.59,34794.26,41679.70,3528.93,371.90,37115.64,23493.58,52299.59
2009-12-01,2220.600000,43.17,43.55,11343.64,11472.81,28525.75,25626.72,29504.51,27014.26,44190.07,36079.23,43831.40,3780.53,398.84,38889.11,24449.60,55177.40
2010-01-01,2267.774737,43.89,44.35,11516.24,11662.05,28932.19,26075.11,29831.64,28618.97,45746.74,37426.23,45222.79,3783.07,399.13,40395.15,25364.09,57387.26
2010-02-01,2194.440000,42.69,43.15,11182.90,11327.21,28132.10,25295.23,29072.95,28307.67,44428.01,36168.83,44184.22,3695.62,390.41,39360.68,24584.55,56211.59
2010-03-01,2362.243913,45.44,45.98,11879.69,12049.90,29835.35,26866.15,30788.68,30694.34,48271.78,39441.68,47794.29,4137.04,437.60,43174.91,26872.64,61869.80
2010-04-01,2475.720000,47.42,48.02,12382.20,12568.59,31047.44,27878.66,32127.79,33328.48,51077.48,41488.32,50921.89,4424.80,468.43,46093.38,28364.56,66801.60
2010-05-01,2319.239000,44.65,45.20,11643.44,11811.16,29212.78,26072.99,30402.43,32118.00,48045.04,38697.22,48353.07,4357.02,460.82,43633.84,26951.36,63007.89
2010-06-01,2235.229545,43.04,43.61,11204.77,11375.93,28204.33,25161.01,29365.60,29833.63,46238.09,37413.26,46298.63,4251.00,449.23,41571.88,26041.05,59193.81
2010-07-01,2210.273810,42.86,43.46,11137.19,11317.74,28138.72,24958.79,29453.61,28640.20,45609.02,36892.05,45684.80,4227.77,446.52,40849.83,25739.04,57819.64
2010-08-01,2205.281364,43.21,43.81,11206.58,11386.71,28402.99,25134.86,29793.35,28395.27,45996.31,37209.05,46068.03,4416.12,465.91,40748.32,25679.00,57667.72
2010-09-01,2298.346190,44.76,45.41,11587.09,11779.39,29394.69,26108.82,30726.29,29184.82,48042.59,39136.63,47750.12,4618.64,487.44,42616.33,27067.42,59830.72
2010-10-01,2441.295714,46.92,47.65,12128.60,12344.59,30747.80,27611.86,31798.09,31351.21,50699.42,41411.97,50241.76,4787.58,505.95,45395.14,28851.33,63690.14
2010-11-01,2530.989524,48.23,49.04,12450.26,12685.61,31564.73,28563.77,32390.71,32360.88,52543.87,43707.74,51093.90,4794.85,507.25,47251.35,30270.51,65744.56
2010-12-01,2631.560455,50.24,51.05,12944.75,13183.41,32765.87,29600.82,33680.11,34468.84,55563.49,46561.61,53610.20,4825.01,510.73,50623.58,32517.46,70240.02
2011-01-01,2717.208500,51.95,52.75,13368.14,13604.70,33901.15,30572.91,34908.50,36573.46,57451.65,48098.43,55489.08,4993.95,528.65,51977.71,33343.04,72221.39
2011-02-01,2783.535789,53.59,54.39,13772.27,14008.21,34951.64,31522.15,35988.13,37447.18,59916.55,50611.03,57315.55,5202.91,550.52,53926.64,34822.66,74403.45
2011-03-01,2722.289130,53.06,53.81,13610.85,13835.78,34571.89,31067.17,35722.15,36997.02,59877.62,50651.31,57197.79,5153.31,545.17,53809.95,34807.82,74104.77
2011-04-01,2797.072000,54.33,55.11,13920.50,14152.64,35356.43,31718.05,36594.07,37786.63,62095.70,52574.32,59280.10,5340.61,564.97,55742.06,36237.81,76384.15
2011-05-01,2815.075714,54.60,55.34,13967.83,14189.81,35588.42,31815.45,36970.99,36931.99,62322.06,52806.05,59453.67,5523.95,584.29,55359.44,36097.80,75632.72
2011-06-01,2687.762727,52.62,53.32,13434.50,13647.69,34306.73,30616.97,35705.02,35638.63,59845.57,50577.94,57235.59,5404.56,571.43,53173.69,34683.69,72623.42
2011-07-01,2810.575500,54.31,55.07,13848.15,14079.56,35382.06,31888.92,36437.38,36918.06,61830.81,52368.08,59011.03,5649.89,597.07,55283.96,36198.30,75213.72
2011-08-01,2504.623043,48.30,48.94,12296.04,12490.22,31647.08,28461.54,32666.74,31601.21,52765.60,44240.23,50871.47,5047.10,532.40,46850.98,30632.88,63834.08
2011-09-01,2524.136190,47.80,48.44,12144.13,12341.11,31380.23,28199.14,32414.52,29937.31,51752.69,43627.10,49627.13,4989.35,525.39,45686.73,30099.44,61779.42
2011-10-01,2594.781905,49.12,49.78,12459.48,12660.41,32263.10,28880.64,33448.02,29918.44,52642.38,44255.30,50640.13,4928.24,518.81,46844.97,30845.36,63371.02
2011-11-01,2606.289048,50.08,50.76,12684.75,12893.77,32839.80,29552.41,33869.86,30715.47,54595.66,46050.29,52329.77,5130.87,540.32,48477.59,31889.65,65635.98
2011-12-01,2601.670000,50.84,51.49,12850.31,13051.14,33350.25,29637.67,34815.64,30936.26,54873.96,45893.21,53081.70,5233.35,550.70,49098.58,32161.22,66726.28
2012-01-01,2743.795000,53.36,54.02,13465.23,13672.74,34975.41,31026.40,36573.43,33133.89,57906.68,48297.34,56178.59,5544.99,583.73,51824.28,33659.36,70951.60
2012-02-01,2928.980500,55.80,56.57,14058.35,14295.48,36485.48,32852.92,37602.96,35752.55,61372.59,51431.06,59241.28,5793.95,610.60,55260.57,36046.46,75375.64
2012-03-01,3035.915909,57.25,57.98,14396.53,14625.68,37519.80,33810.35,38640.04,36282.96,62060.92,51727.12,60255.55,5844.36,615.61,55604.90,36098.22,76149.56
2012-04-01,3035.101500,57.11,57.81,14339.60,14562.88,37459.34,33898.33,38422.27,36146.51,61221.89,50709.07,59868.84,5973.67,629.11,54978.14,35580.67,75494.71
2012-05-01,2900.409091,55.30,55.97,13862.97,14074.85,36280.81,32714.22,37341.66,35153.93,59061.68,48296.07,58613.41,6025.13,634.06,53115.06,34142.41,73388.90
2012-06-01,2850.354762,54.53,55.15,13642.34,13840.48,35800.59,32100.19,37044.50,34719.78,56972.23,46317.64,56911.08,5950.03,625.69,52053.66,33408.79,72022.81
2012-07-01,2920.114286,56.14,56.80,14023.29,14233.77,36814.66,32822.73,38297.82,36346.80,58556.23,47252.16,58977.05,6281.38,660.11,54164.66,34699.84,75066.99
2012-08-01,3032.666522,57.90,58.48,14434.10,14626.44,38031.69,34050.34,39408.44,36298.31,60307.90,49057.95,60207.40,6278.58,659.97,55020.33,35339.02,76080.56
2012-09-01,3136.802632,59.82,60.46,14884.35,15091.65,39227.10,35151.06,40612.41,38389.74,62870.64,51350.86,62482.63,6348.40,667.59,57692.58,37108.30,79673.48
2012-10-01,3060.261905,59.57,60.23,14800.23,15014.08,39106.10,34674.95,40874.17,38350.67,62108.33,50372.04,62210.62,6196.50,651.58,56869.27,36257.07,79141.68
2012-11-01,2941.015238,57.98,58.66,14374.32,14589.02,38036.44,33751.64,39729.31,36498.53,61563.20,49838.76,61790.12,6092.04,640.38,55737.91,35456.98,77716.18
2012-12-01,3003.792000,59.40,60.12,14692.87,14920.79,38911.26,34539.31,40630.73,37328.27,63762.61,51610.90,64008.76,6245.52,656.82,57899.97,36764.53,80857.99
2013-01-01,3125.913333,62.13,63.01,15346.74,15616.07,40619.38,36018.19,42453.94,39975.95,67641.72,54968.18,67607.07,6544.75,688.12,61658.66,39199.82,86014.15
2013-02-01,3169.213158,63.63,64.56,15690.38,15973.22,41569.03,36613.29,43709.82,41340.91,70113.52,56958.04,70101.64,6645.97,698.56,63549.84,40362.90,88727.01
2013-03-01,3236.167000,65.40,66.38,16095.51,16392.46,42698.00,37447.71,45066.03,42849.60,72135.51,58254.03,72589.40,6742.85,708.86,65682.62,41757.07,91629.69
2013-04-01,3251.351818,66.15,67.16,16258.58,16561.39,43279.06,37702.27,45930.43,42932.68,72198.30,57776.36,73355.09,7074.79,743.45,65187.24,41218.55,91360.55
2013-05-01,3440.375455,69.20,70.30,16979.39,17304.13,45247.59,39559.35,47880.58,44924.05,75990.02,61455.36,76344.93,7290.48,766.46,68624.62,43748.53,95503.35
2013-06-01,3416.741500,68.44,69.50,16760.59,17075.59,44705.59,38932.59,47456.87,45805.97,74577.94,61033.36,73957.75,6698.67,704.44,68376.18,44262.85,93879.64
2013-07-01,3559.710909,70.90,72.06,17336.31,17683.49,46200.31,40347.02,48932.84,48690.85,78214.91,64108.22,77432.26,6929.24,728.26,72226.92,46838.82,99008.16
2013-08-01,3639.928636,71.22,72.44,17384.26,17742.42,46393.59,41000.54,48660.58,48886.71,79015.22,65385.38,77401.09,6510.51,685.00,72763.01,47750.61,98661.69
2013-09-01,3731.262000,72.17,73.49,17583.89,17968.56,46990.16,42058.11,48764.06,50158.99,80446.01,67385.06,77719.33,6532.16,687.64,73997.82,49214.90,99079.07
2013-10-01,3848.202174,73.83,75.24,17964.46,18371.85,48006.67,43114.63,49675.17,51923.25,82919.90,69273.59,80313.23,6749.32,711.07,76567.38,50605.17,103118.71
2013-11-01,3957.532500,76.41,77.73,18561.26,18947.13,49754.11,44511.49,51652.78,52191.22,85034.21,71057.63,82339.58,6589.21,694.73,78370.36,51643.24,105832.58
2013-12-01,4075.884762,77.61,79.05,18820.95,19236.45,50522.83,45645.44,52009.34,54314.00,86027.11,72371.37,82766.64,6443.74,679.63,79753.45,52646.72,107527.86
2014-01-01,4154.360952,78.54,80.15,19020.32,19477.93,51058.86,46407.59,52285.32,57574.17,87757.78,74239.02,83978.84,6611.40,696.75,81415.82,54103.40,109096.83
2014-02-01,4199.451053,78.50,80.20,18978.61,19457.95,51049.06,46684.56,51991.73,57873.93,88518.80,75040.16,84533.74,6896.51,726.42,81070.28,54107.32,108200.80
2014-03-01,4276.359048,80.75,82.45,19487.84,19968.43,52444.81,47758.89,53606.47,60295.53,91403.34,77231.59,87573.85,7054.66,743.16,84253.27,56023.06,112829.38
2014-04-01,4119.306190,80.56,82.00,19416.05,19834.09,52468.40,46848.48,54513.33,57000.49,90297.13,75272.87,87690.40,7248.23,763.35,82271.57,53803.46,111801.75
2014-05-01,4135.374286,81.52,82.86,19614.91,20006.89,53256.77,47755.96,55141.61,54479.13,90870.56,75314.75,88754.11,7494.92,789.31,81278.30,52754.69,111167.28
2014-06-01,4332.738571,84.24,85.68,20232.85,20654.45,54969.57,49540.84,56681.99,57039.26,94339.85,78276.14,92043.81,7604.84,801.04,84841.48,55427.82,115394.29
2014-07-01,4434.125909,85.32,86.76,20462.55,20886.06,55763.96,50470.32,57301.85,56778.94,94989.09,78524.93,93012.46,7739.43,815.14,84765.04,55140.43,115719.66
2014-08-01,4464.831429,84.94,86.42,20338.65,20768.86,55550.22,50594.12,56785.62,55736.84,94102.92,77689.28,92264.14,7761.92,817.46,83985.94,54762.25,114424.48
2014-09-01,4551.586190,86.27,87.82,20621.38,21068.20,56507.27,51442.37,57786.17,55798.67,94742.31,78652.25,92395.42,7624.47,803.33,84209.06,54951.53,114650.50
2014-10-01,4403.230435,83.75,85.11,19990.34,20392.27,54937.72,49850.22,56338.23,53493.38,90165.35,74169.23,88829.61,7752.74,816.50,80670.40,51930.71,111144.44
2014-11-01,4687.702105,88.61,89.93,21116.38,21510.38,58104.79,52820.23,59490.09,55797.38,95144.73,78475.21,93466.26,8238.40,867.47,85739.56,55300.46,117932.97
2014-12-01,4732.701364,89.12,90.30,21199.99,21561.05,58455.84,53191.85,59797.08,56269.05,95071.84,78376.22,93442.48,8492.39,893.96,85996.32,55418.65,118377.32
2015-01-01,4673.701500,88.35,89.53,20988.12,21348.54,57892.56,52644.46,59254.99,56980.58,95295.35,78131.91,94197.14,9079.07,955.65,85944.41,55200.64,118639.03
2015-02-01,4854.255789,90.98,92.29,21577.08,21969.76,59587.01,55062.65,60112.16,57925.12,99613.57,82557.64,97351.29,8948.12,942.53,88967.59,57825.45,121583.38
2015-03-01,4938.010909,91.25,92.63,21602.28,22012.64,59662.87,55743.54,59575.70,59715.63,100943.90,84309.20,97842.82,8807.57,927.77,90473.56,59118.24,123080.05
2015-04-01,4985.951429,92.10,93.55,21774.58,22202.20,60163.70,56048.16,60234.92,61368.74,102054.88,85309.83,98802.06,8751.91,922.80,91960.38,60324.69,124633.99
2015-05-01,5029.431500,92.74,94.11,21889.87,22296.97,60703.04,56387.97,60934.87,59915.74,102076.32,85184.52,99023.16,8475.24,895.58,91083.27,59740.77,123461.32
2015-06-01,5073.041818,92.55,93.95,21803.31,22218.15,60469.04,56619.37,60258.22,61747.39,102225.09,85810.06,98453.15,8245.64,871.73,92188.47,61014.83,123884.98
2015-07-01,5082.810000,92.25,93.54,21702.67,22092.44,60384.52,57008.44,59710.83,60688.00,100668.02,84354.63,97163.64,8399.34,887.91,90397.06,59754.60,121623.53
2015-08-01,4934.622857,89.94,91.11,21125.20,21478.20,58968.53,55761.69,58199.29,57691.16,98357.26,82032.41,95491.64,8427.10,891.12,87008.92,57210.26,117682.68
2015-09-01,4748.004762,86.03,87.10,20167.73,20495.80,56356.41,53360.69,55559.79,56467.37,94216.58,78647.56,91369.44,8083.90,855.71,83707.53,55024.49,113239.83
2015-10-01,4879.036818,89.33,90.11,20909.63,21174.44,58681.84,54917.09,58509.02,55547.47,95425.88,78315.56,94490.73,8718.56,922.00,84935.82,54932.54,116676.67
2015-11-01,5082.507500,91.79,92.37,21420.16,21640.79,60363.62,56755.96,59948.75,56489.20,96618.29,79558.36,95327.18,8646.82,915.63,86451.64,56021.12,118555.01
2015-12-01,5040.540000,90.57,90.97,21093.54,21269.11,59653.49,55809.01,59496.68,55638.07,94058.33,77005.34,93399.83,8747.15,925.92,84021.90,54283.01,115541.15
2016-01-01,4610.714211,84.39,84.60,19622.98,19751.22,55740.38,51247.97,56404.48,50410.87,86800.97,69436.54,88353.92,8564.06,906.92,76220.21,48146.25,106949.95
2016-02-01,4463.206000,83.66,83.66,19416.98,19493.88,55322.67,49771.12,56962.82,48696.17,85684.64,67210.43,88991.01,8304.60,879.08,74775.08,46385.25,106601.35
2016-03-01,4754.479545,89.35,89.47,20692.20,20802.84,58967.06,53235.82,60544.78,51610.06,93123.41,73208.02,96512.74,9010.88,954.16,81575.58,50615.98,116278.59
2016-04-01,4892.168095,92.03,92.20,21279.42,21407.24,60670.52,54850.15,62210.43,53514.72,96373.32,75617.31,100090.60,9240.66,978.96,84874.05,52726.50,120805.83
2016-05-01,4788.235238,91.87,92.09,21205.87,21341.68,60560.79,54605.41,62254.85,53004.77,97179.43,75909.36,101509.31,9320.91,989.14,84808.74,52073.81,122140.13
2016-06-01,4856.232273,93.02,93.28,21425.98,21573.20,61226.02,54777.60,63404.13,54025.56,99345.10,77384.54,104143.36,9447.48,1005.11,87164.70,53550.09,125467.00
2016-07-01,5023.989000,96.15,96.37,22113.46,22255.67,63281.39,56216.13,65967.10,55705.09,102443.46,79364.93,108131.54,10093.61,1071.96,90256.40,55160.82,130603.97
2016-08-01,5217.038261,97.75,98.04,22441.02,22600.27,64249.61,57767.16,66224.48,57171.55,103959.17,81301.98,108411.17,10040.90,1065.41,92847.09,57184.73,133343.43
2016-09-01,5254.154286,97.24,97.62,22280.12,22458.62,63847.14,57552.38,65649.45,58845.83,103787.90,81544.29,107578.43,9821.78,1042.58,93176.58,57635.76,133248.17
2016-10-01,5255.989048,96.61,97.00,22100.24,22281.39,63474.81,57622.30,64825.40,58767.24,102141.22,80435.63,105552.13,9325.23,991.49,91959.47,56797.79,131722.47
2016-11-01,5260.565238,98.11,98.44,22402.90,22570.61,64321.94,58364.42,65711.16,59758.75,104530.70,82840.14,107129.96,8989.90,955.55,95426.02,58940.47,136692.98
2016-12-01,5413.116667,102.48,102.71,23353.51,23502.36,66993.48,60682.71,68563.31,64883.39,110390.59,87510.10,113095.90,9335.71,991.80,102280.77,63053.60,146805.36
2017-01-01,5561.423500,103.88,104.21,23634.87,23804.47,67973.85,61942.37,69156.85,65538.77,111710.82,88460.75,114635.26,9574.09,1018.90,102747.44,63275.83,147656.45
2017-02-01,5764.702105,106.43,106.79,24179.13,24354.93,69726.62,63881.36,70567.18,66007.73,114287.82,90805.05,116789.52,9613.92,1023.32,104300.45,64544.45,149157.12
2017-03-01,5864.963913,107.93,108.15,24469.47,24617.44,70898.20,65022.86,71677.16,65588.25,114181.85,90902.80,116346.24,9471.51,1009.17,103176.35,64254.30,146520.10
2017-04-01,5912.169474,107.87,108.18,24423.57,24592.23,70814.37,65285.47,71225.73,66412.61,114607.72,91091.24,117062.48,9710.95,1035.91,103744.11,64509.65,147548.39
2017-05-01,6124.878182,109.48,109.80,24750.41,24916.10,71967.44,67253.06,71410.73,67149.73,115407.66,93012.84,115490.31,9483.71,1015.47,103973.29,65527.45,145837.36
2017-06-01,6224.285909,111.45,111.73,25147.63,25305.03,73290.35,68441.64,72779.16,68143.00,117123.31,94689.62,116663.95,9732.11,1040.87,105406.64,66837.52,146903.54
2017-07-01,6294.674000,112.51,112.88,25351.08,25527.94,73953.79,69477.45,73002.76,69413.55,118391.21,95861.62,117658.41,9702.47,1036.86,106892.02,68171.98,148059.66
2017-08-01,6311.397391,112.53,112.78,25313.27,25461.53,74161.56,69889.84,72978.30,66802.75,117137.82,94751.22,116585.25,9716.09,1038.40,104317.73,66667.72,144175.04
2017-09-01,6428.079000,114.65,114.90,25742.20,25895.77,75439.53,70988.49,74344.25,70679.62,119977.20,97514.69,118586.60,9821.92,1049.70,107734.17,69190.30,148119.40
2017-10-01,6603.011364,117.96,118.18,26452.22,26600.82,77502.77,72876.88,76437.56,74303.66,124074.18,101295.61,121980.09,9817.40,1049.35,112443.83,72668.66,153639.79
2017-11-01,6796.045238,119.61,119.81,26779.54,26923.41,78716.70,74656.86,76979.30,73038.78,125886.74,102668.46,123921.35,9944.12,1063.14,112255.48,72592.95,153284.12
2017-12-01,6889.740500,123.10,123.30,27507.57,27655.05,81056.23,76766.57,79379.66,74838.86,129006.36,105381.98,126742.64,9907.03,1059.08,114945.52,74416.57,156778.71
2018-01-01,7279.498095,128.77,129.17,28737.57,28934.80,84905.14,81155.98,82382.69,77322.09,133390.57,110277.62,129093.08,9578.86,1024.43,118714.35,77593.91,160353.64
2018-02-01,7161.772632,124.94,125.36,27841.37,28021.13,82463.14,79565.82,79245.77,74108.22,128666.35,107016.80,123561.26,8967.69,959.38,114063.91,75240.52,152613.42
2018-03-01,7311.505714,125.42,125.80,27895.24,28036.80,82632.84,80291.02,78808.88,76805.07,130821.36,109454.40,124655.55,9053.74,968.56,116381.46,77245.65,154701.76
2018-04-01,7084.141095,123.45,123.84,27420.06,27561.51,81235.63,78376.43,77958.15,76436.83,129687.80,107443.24,124952.77,9144.44,978.39,115965.07,76375.57,155314.43
2018-05-01,7339.327364,126.07,126.55,27958.35,28118.88,82812.47,80738.36,78725.46,79364.15,132789.17,109526.39,128572.73,9447.09,1010.95,120427.68,79010.04,161889.16
2018-06-01,7645.139143,129.07,129.75,28569.81,28776.78,84619.02,83135.79,79876.10,82796.30,136860.33,113024.19,132335.92,9859.34,1055.05,125566.09,82410.43,168748.70
2018-07-01,7756.863143,131.01,131.65,28946.92,29160.65,85956.87,84535.27,81062.15,83071.57,137824.33,113747.34,133364.87,10094.95,1080.18,126542.45,82964.57,170236.18
2018-08-01,7892.232391,134.16,134.75,29594.82,29796.16,88142.56,86817.63,83002.98,82346.22,140407.31,116048.51,135639.96,10305.44,1102.47,128180.05,84481.11,171546.26
2018-09-01,7983.307368,136.28,136.78,30007.22,30194.71,89594.23,88482.61,84160.65,83556.24,141784.20,117632.31,136377.48,10271.18,1098.78,129277.45,85841.58,171714.91
2018-10-01,7527.083391,130.21,130.50,28636.10,28773.55,85941.02,84012.63,81497.05,77767.39,131928.60,107690.76,129217.97,9848.66,1053.31,118986.60,77954.28,160230.41
2018-11-01,7236.083190,127.39,127.66,27969.63,28097.26,84124.58,80714.53,81131.76,73592.88,129797.91,104682.63,128789.88,10094.37,1079.33,115949.60,75702.55,156682.15
2018-12-01,6814.292316,119.96,120.20,26286.47,26401.87,79438.63,75744.53,77033.85,66327.70,120967.26,97412.74,120231.31,9868.24,1055.12,106417.38,69354.99,144053.62
2019-01-01,6979.654952,122.48,122.91,26794.38,26948.68,80963.43,77844.98,77935.68,69000.58,125354.17,101640.33,123649.09,9904.04,1059.02,110475.63,72143.01,149240.81
2019-02-01,7430.077263,130.06,130.54,28405.96,28571.95,85838.70,83165.50,82063.72,73489.96,135472.69,110990.68,132076.75,10655.71,1139.42,119147.60,78500.03,159498.65
2019-03-01,7629.366048,132.35,132.79,28851.96,29010.19,87510.44,84706.98,83731.28,74574.65,136324.15,112288.06,132086.08,10773.50,1152.02,119045.51,78643.74,158914.55
2019-04-01,7995.064364,137.07,137.48,29839.13,29994.15,90748.01,88638.71,86111.76,74489.57,140420.90,116214.24,135289.12,10944.36,1170.48,121831.22,80955.95,161712.32
2019-05-01,7804.820818,134.91,135.37,29322.07,29484.05,89348.87,87152.65,84891.50,73761.81,137547.20,113881.44,132449.07,11050.65,1181.71,119425.33,79388.44,158457.07
2019-06-01,7825.458650,136.42,136.74,29592.57,29725.45,90527.91,87964.93,86315.75,71103.65,138636.32,115454.59,132571.18,11242.24,1201.88,118467.46,79216.39,156288.47
2019-07-01,8205.598727,141.56,141.92,30666.14,30810.99,94022.08,92207.82,88881.97,71997.89,143325.46,120040.03,136112.08,11363.67,1215.00,121927.46,82098.41,159750.68
2019-08-01,7910.932227,136.92,137.01,29610.53,29694.53,91031.77,89206.44,86116.93,68531.57,138124.22,115516.36,131402.04,11505.75,1229.99,116677.39,78508.00,152976.56
2019-09-01,8087.699900,141.05,140.91,30446.44,30483.38,93776.10,91486.21,89084.20,70626.66,141419.32,116971.85,136309.95,11874.13,1269.35,120195.35,80385.79,158522.09
2019-10-01,8079.278217,140.91,140.51,30373.85,30356.53,93770.59,91442.75,89115.15,68279.34,140363.50,115159.75,136506.32,12077.49,1290.90,118981.08,79236.68,157543.14
2019-11-01,8517.577050,147.18,146.65,31676.97,31631.36,97935.94,96233.18,92417.02,69945.95,145508.52,120174.45,140498.43,11880.64,1270.38,124518.01,83581.92,163676.24
2019-12-01,8778.591476,150.87,150.28,32409.59,32355.90,100348.04,98852.50,94467.53,72649.25,148265.58,123428.13,141917.49,11739.95,1255.64,128127.79,86417.60,167671.35
2020-01-01,9233.359905,155.90,155.28,33442.62,33385.33,103859.26,103843.97,96395.44,75064.37,151611.80,127130.07,143935.89,11993.46,1282.67,130172.03,88416.81,169199.58
2020-02-01,9418.850105,156.20,155.57,33452.23,33390.75,104210.67,104995.83,96001.14,73288.53,150775.21,126728.13,142747.67,12202.69,1304.83,128402.60,87918.26,165594.82
2020-03-01,7772.205136,125.29,124.54,26781.24,26681.41,84200.95,85305.36,77132.89,53484.57,112655.29,97096.14,103499.84,9447.79,1009.59,94720.80,65673.83,120654.50
2020-04-01,8292.407762,130.04,129.39,27750.52,27674.66,87760.01,89794.97,79567.44,51773.96,112047.01,99795.10,98705.93,9165.79,979.04,93431.21,66020.02,116765.96
2020-05-01,9105.655650,138.60,138.38,29531.75,29550.77,93341.54,98094.26,82136.04,57859.89,122623.74,112402.05,103677.28,9142.57,976.56,102198.43,73987.99,124492.46
2020-06-01,9839.970955,148.44,148.45,31573.90,31646.69,99760.07,105433.27,87210.19,64211.71,134362.53,122853.11,114006.18,10011.11,1069.49,112340.99,81249.48,136987.83
2020-07-01,10499.862909,153.65,153.75,32639.77,32737.41,103456.39,111252.36,88585.93,64863.15,136376.76,126992.42,112647.56,9826.61,1049.59,113628.27,83560.35,136129.78
2020-08-01,11212.290381,163.00,163.10,34578.34,34680.30,109707.67,119961.31,92009.25,68131.83,143947.73,134280.82,118592.23,10204.88,1089.81,121167.86,89867.24,143814.50
2020-09-01,11088.679524,161.86,162.22,34284.31,34442.24,109158.05,120013.26,91021.81,66047.19,140879.07,131674.46,115985.95,10045.32,1072.97,117355.70,87047.38,139360.60
2020-10-01,11435.233864,165.59,166.36,35032.35,35281.39,111416.47,123396.43,92343.16,70222.07,147752.55,139539.10,120260.81,10177.74,1086.95,123524.92,92164.02,145872.37
2020-11-01,11794.461307,172.88,173.68,36521.77,36780.51,115908.40,127047.74,97111.25,74409.35,158056.28,147865.81,130002.23,10625.65,1135.27,134733.04,99555.92,160666.40
2020-12-01,12619.050909,182.29,183.78,38436.92,38848.27,121661.41,133487.82,101823.53,85149.21,170625.33,160483.65,139495.78,10818.80,1156.45,149499.09,110649.79,177972.30
2021-01-01,13186.605789,188.50,190.20,39700.93,40161.79,125216.53,137417.01,104777.44,97936.89,180708.16,171900.26,145854.25,10864.28,1161.33,162283.47,121182.88,191464.77
2021-02-01,13737.403684,194.17,196.25,40853.37,41395.79,128552.85,140784.47,107804.00,117285.96,188089.34,178043.19,152683.50,11461.60,1225.14,172123.56,128014.18,203925.60
2021-03-01,13168.811304,194.93,196.15,40954.32,41317.67,128963.97,137049.89,111494.34,113914.72,189169.15,172131.38,160457.98,11761.17,1257.76,174314.67,124414.46,215121.17
2021-04-01,13900.438095,205.81,206.51,43193.14,43455.77,136716.11,147883.32,115623.33,110656.12,197070.99,179451.37,167071.67,12484.11,1334.62,177000.40,126192.35,218673.06
2021-05-01,13517.682500,206.64,206.79,43321.50,43465.72,137366.64,145947.62,118724.71,110317.26,196205.33,173781.91,170849.89,12773.98,1365.07,176430.00,123269.42,222083.11
2021-06-01,14097.169091,211.17,211.91,44213.31,44486.43,140242.94,150996.00,119281.06,118174.22,198723.44,176689.82,172392.94,13605.04,1453.58,181773.40,126389.87,229802.58
2021-07-01,14639.072857,216.55,216.84,45293.26,45478.88,144586.08,159393.17,119360.68,111196.69,197201.10,177345.40,169177.42,13935.65,1488.58,176441.99,124121.08,220651.80
2021-08-01,14856.517727,220.67,220.69,46103.85,46232.75,147555.15,162368.52,122102.88,109066.09,199546.44,178863.79,171756.42,14110.67,1507.23,177065.82,124296.54,221875.22
2021-09-01,15023.538571,220.84,220.97,46081.61,46235.08,147526.18,163847.07,120599.62,111229.62,200908.39,181478.13,171300.45,14197.71,1516.65,178964.26,125633.41,224814.78
2021-10-01,14879.012381,222.06,222.01,46290.51,46409.87,148293.24,163717.71,122169.35,109868.33,202943.41,180203.47,175468.60,14332.62,1531.54,180738.70,125528.41,229751.80
2021-11-01,15814.932857,232.16,231.77,48344.18,48388.84,155127.96,173788.46,125361.26,111185.23,209829.87,185680.53,181963.09,15025.97,1605.48,188113.69,131118.19,238278.58
2021-12-01,15474.431818,230.56,228.44,47946.52,47630.21,154765.76,173305.70,125145.16,99838.90,201621.23,175563.68,177244.31,15379.03,1643.04,178251.99,122672.54,228694.85
2022-01-01,14531.377500,224.76,221.59,46694.27,46158.06,150990.30,163562.13,127404.08,94178.29,195577.85,163173.38,178019.96,15187.08,1622.93,172453.59,115136.63,227980.90
2022-02-01,13898.727895,218.33,215.01,45310.62,44740.02,146700.50,157306.39,125335.64,90647.96,191588.59,157944.26,176014.06,14547.08,1555.06,167140.76,110757.73,222537.94
2022-03-01,13623.263043,216.52,212.84,44868.22,44221.82,145309.79,155033.69,124913.07,90706.58,191758.23,157293.12,176839.50,14897.05,1592.12,168013.02,110497.57,225283.41
2022-04-01,13394.163000,216.15,212.30,44745.75,44066.64,145273.77,153347.98,126396.35,86755.68,191405.98,153891.37,179143.56,15493.98,1655.82,165219.83,106879.43,224808.44
2022-05-01,11829.729524,198.14,193.86,40970.51,40190.73,133127.57,135720.54,120348.71,77229.02,176983.90,139196.39,168292.17,13537.13,1446.85,152282.78,97305.14,209447.23
2022-06-01,11418.919048,191.61,187.41,39549.93,38787.65,128672.98,131207.46,116294.20,75918.95,170368.07,134714.29,161388.87,12736.37,1361.35,148007.66,95019.48,202733.69
2022-07-01,11622.631500,192.66,188.42,39716.21,38948.84,129461.68,133808.21,115303.69,76012.33,169729.64,135426.63,159761.43,12810.06,1368.96,147748.15,96019.68,200193.32
2022-08-01,12570.260435,205.74,201.38,42356.51,41570.19,138094.33,144872.73,120960.52,82751.74,182721.31,146043.83,171780.22,13528.70,1445.94,159801.02,104087.07,216084.77
2022-09-01,11402.850000,190.64,186.69,39183.13,38476.73,128042.90,132149.34,114232.65,75891.39,170696.68,136053.34,160782.95,12287.16,1313.36,147117.54,95556.87,199443.59
2022-10-01,10801.494286,184.77,180.88,37930.35,37234.14,123962.22,126354.70,112063.89,73909.21,166868.56,134494.56,155849.00,11224.24,1200.27,144322.68,94105.77,194980.84
2022-11-01,10973.638095,194.18,189.84,39803.20,39020.16,130193.41,128753.97,121343.41,76953.09,176565.78,142031.93,165155.63,11898.44,1272.60,152845.01,99116.06,207526.02
2022-12-01,10838.995714,193.65,189.12,39625.95,38804.74,130046.35,127542.52,122190.37,74282.50,175433.14,141337.04,163908.54,11951.80,1278.27,150240.88,97723.43,203427.55
2023-01-01,11013.991000,196.92,192.41,40242.87,39429.25,131946.39,129139.14,124220.91,78541.02,181487.60,146819.43,169051.32,12374.76,1323.94,156032.83,101673.47,210925.13
2023-02-01,11785.074211,203.78,199.22,41592.13,40774.89,136375.81,137841.32,124361.85,81123.20,189024.17,155083.15,174231.49,12893.68,1379.95,163666.09,107569.18,219502.85
2023-03-01,11637.092174,197.47,192.92,40228.88,39413.20,132683.36,136643.43,118649.07,76242.09,176887.23,146609.75,161777.43,11864.74,1270.51,152020.30,100815.23,202186.60
2023-04-01,12073.464211,204.22,199.48,41553.50,40703.89,137728.62,142826.87,122262.72,75349.65,177819.79,148050.91,162050.23,11989.94,1283.82,150964.34,100668.55,199739.85
2023-05-01,12446.530455,205.33,200.72,41728.32,40904.18,138681.01,147467.76,119636.45,74923.99,176206.69,148486.47,159006.39,11954.82,1279.94,149046.61,99871.71,196297.34
2023-06-01,.,.,,.,,.,.,.,.,.,.,.,.,.,.,.,.
