date,CLI_MA,CLI_N,CLI_T,GDP_RTT,GDP_N,GDP_T,y_nber,y_oecd,y_agg
1973-01-01,103.8,103.4,32.5,102.7,102.4,31.3,0.0,0.0,0.0
1973-02-01,103.7,103.3,32.6,103.1,102.6,31.4,0.0,0.0,0.0
1973-03-01,103.4,103.1,32.6,103.3,102.8,31.5,0.0,0.0,0.0
1973-04-01,103.1,102.8,32.5,103.4,103.0,31.5,0.0,0.0,0.0
1973-05-01,102.7,102.4,32.5,103.4,103.0,31.6,0.0,0.0,0.0
1973-06-01,102.3,102.0,32.4,103.3,102.9,31.7,0.0,1.0,1.0
1973-07-01,101.9,101.7,32.4,103.2,102.7,31.8,0.0,1.0,1.0
1973-08-01,101.6,101.4,32.4,103.0,102.6,31.8,0.0,1.0,1.0
1973-09-01,101.3,101.2,32.3,102.8,102.4,31.9,0.0,1.0,1.0
1973-10-01,101.1,101.0,32.4,102.6,102.3,32.0,0.0,1.0,1.0
1973-11-01,100.9,100.8,32.4,102.4,102.1,32.1,0.0,1.0,1.0
1973-12-01,100.7,100.6,32.4,102.1,101.8,32.1,1.0,1.0,2.0
1974-01-01,100.5,100.4,32.4,101.8,101.6,32.2,1.0,1.0,2.0
1974-02-01,100.2,100.2,32.4,101.5,101.3,32.3,1.0,1.0,2.0
1974-03-01,99.9,99.9,32.3,101.2,101.1,32.4,1.0,1.0,2.0
1974-04-01,99.5,99.6,32.3,100.9,100.8,32.4,1.0,1.0,2.0
1974-05-01,99.1,99.2,32.2,100.5,100.5,32.5,1.0,1.0,2.0
1974-06-01,98.6,98.8,32.1,100.1,100.1,32.6,1.0,1.0,2.0
1974-07-01,98.1,98.3,32.0,99.7,99.8,32.6,1.0,1.0,2.0
1974-08-01,97.5,97.8,31.9,99.2,99.4,32.7,1.0,1.0,2.0
1974-09-01,97.0,97.3,31.8,98.8,99.0,32.8,1.0,1.0,2.0
1974-10-01,96.4,96.8,31.7,98.3,98.6,32.9,1.0,1.0,2.0
1974-11-01,96.0,96.4,31.6,97.8,98.2,32.9,1.0,1.0,2.0
1974-12-01,95.7,96.2,31.6,97.4,97.8,33.0,1.0,1.0,2.0
1975-01-01,95.6,96.1,31.6,97.0,97.5,33.1,1.0,1.0,2.0
1975-02-01,95.7,96.2,31.7,96.7,97.2,33.2,1.0,1.0,2.0
1975-03-01,96.0,96.4,31.9,96.4,97.0,33.3,1.0,1.0,2.0
1975-04-01,96.4,96.8,32.1,96.4,96.9,33.3,0.0,1.0,1.0
1975-05-01,96.9,97.2,32.4,96.4,97.0,33.4,0.0,0.0,0.0
1975-06-01,97.4,97.7,32.6,96.5,97.1,33.5,0.0,0.0,0.0
1975-07-01,97.9,98.1,32.9,96.7,97.3,33.6,0.0,0.0,0.0
1975-08-01,98.3,98.5,33.1,97.0,97.5,33.7,0.0,0.0,0.0
1975-09-01,98.8,98.9,33.3,97.3,97.7,33.8,0.0,0.0,0.0
1975-10-01,99.2,99.3,33.6,97.6,98.0,33.8,0.0,0.0,0.0
1975-11-01,99.6,99.6,33.8,97.9,98.2,33.9,0.0,0.0,0.0
1975-12-01,100.0,100.0,34.0,98.2,98.5,34.0,0.0,0.0,0.0
1976-01-01,100.4,100.3,34.2,98.5,98.8,34.1,0.0,0.0,0.0
1976-02-01,100.7,100.6,34.4,98.7,99.0,34.2,0.0,0.0,0.0
1976-03-01,100.9,100.8,34.6,98.9,99.1,34.3,0.0,0.0,0.0
1976-04-01,101.1,100.9,34.7,99.0,99.2,34.4,0.0,0.0,0.0
1976-05-01,101.1,101.0,34.9,99.0,99.2,34.5,0.0,0.0,0.0
1976-06-01,101.1,101.0,35.0,98.9,99.1,34.6,0.0,0.0,0.0
1976-07-01,101.1,101.0,35.0,98.9,99.1,34.7,0.0,0.0,0.0
1976-08-01,101.1,101.0,35.1,98.8,99.0,34.8,0.0,0.0,0.0
1976-09-01,101.1,100.9,35.2,98.7,99.0,34.9,0.0,0.0,0.0
1976-10-01,101.1,101.0,35.3,98.7,98.9,35.0,0.0,0.0,0.0
1976-11-01,101.2,101.1,35.5,98.7,99.0,35.1,0.0,0.0,0.0
1976-12-01,101.3,101.2,35.6,98.8,99.0,35.2,0.0,0.0,0.0
1977-01-01,101.5,101.4,35.8,99.0,99.2,35.2,0.0,0.0,0.0
1977-02-01,101.7,101.5,36.0,99.2,99.3,35.3,0.0,0.0,0.0
1977-03-01,101.9,101.7,36.1,99.4,99.6,35.4,0.0,0.0,0.0
1977-04-01,102.0,101.8,36.3,99.7,99.8,35.5,0.0,0.0,0.0
1977-05-01,102.0,101.8,36.4,100.0,100.0,35.6,0.0,0.0,0.0
1977-06-01,102.0,101.8,36.5,100.2,100.2,35.7,0.0,0.0,0.0
1977-07-01,102.0,101.7,36.6,100.4,100.4,35.8,0.0,0.0,0.0
1977-08-01,101.9,101.7,36.6,100.5,100.4,35.9,0.0,0.0,0.0
1977-09-01,101.8,101.6,36.7,100.5,100.4,36.0,0.0,0.0,0.0
1977-10-01,101.7,101.5,36.8,100.4,100.4,36.1,0.0,0.0,0.0
1977-11-01,101.6,101.5,36.8,100.3,100.3,36.2,0.0,0.0,0.0
1977-12-01,101.6,101.4,36.9,100.3,100.3,36.3,0.0,0.0,0.0
1978-01-01,101.6,101.4,37.0,100.4,100.4,36.4,0.0,0.0,0.0
1978-02-01,101.6,101.5,37.1,100.7,100.6,36.5,0.0,0.0,0.0
1978-03-01,101.8,101.6,37.3,101.0,100.9,36.6,0.0,0.0,0.0
1978-04-01,101.9,101.7,37.4,101.5,101.3,36.7,0.0,0.0,0.0
1978-05-01,102.1,101.9,37.6,102.0,101.7,36.8,0.0,0.0,0.0
1978-06-01,102.2,102.0,37.7,102.4,102.1,36.9,0.0,0.0,0.0
1978-07-01,102.3,102.0,37.8,102.8,102.4,37.0,0.0,0.0,0.0
1978-08-01,102.3,102.0,37.9,103.1,102.6,37.1,0.0,0.0,0.0
1978-09-01,102.2,101.9,38.0,103.3,102.8,37.2,0.0,0.0,0.0
1978-10-01,102.0,101.8,38.0,103.4,102.9,37.3,0.0,0.0,0.0
1978-11-01,101.8,101.6,38.0,103.4,102.9,37.4,0.0,0.0,0.0
1978-12-01,101.6,101.4,38.1,103.4,102.9,37.5,0.0,1.0,1.0
1979-01-01,101.4,101.3,38.1,103.3,102.8,37.5,0.0,1.0,1.0
1979-02-01,101.3,101.1,38.1,103.1,102.7,37.6,0.0,1.0,1.0
1979-03-01,101.1,100.9,38.1,103.0,102.6,37.7,0.0,1.0,1.0
1979-04-01,100.8,100.7,38.1,102.9,102.5,37.8,0.0,1.0,1.0
1979-05-01,100.5,100.5,38.1,102.8,102.4,37.9,0.0,1.0,1.0
1979-06-01,100.3,100.2,38.1,102.7,102.3,37.9,0.0,1.0,1.0
1979-07-01,100.0,100.0,38.0,102.7,102.3,38.0,0.0,1.0,1.0
1979-08-01,99.8,99.8,38.0,102.6,102.3,38.1,0.0,1.0,1.0
1979-09-01,99.5,99.6,38.0,102.6,102.2,38.2,0.0,1.0,1.0
1979-10-01,99.2,99.3,38.0,102.5,102.1,38.3,0.0,1.0,1.0
1979-11-01,99.0,99.1,37.9,102.3,102.0,38.3,0.0,1.0,1.0
1979-12-01,98.7,98.8,37.9,102.1,101.8,38.4,0.0,1.0,1.0
1980-01-01,98.4,98.6,37.8,101.8,101.6,38.5,0.0,1.0,1.0
1980-02-01,98.1,98.3,37.8,101.4,101.2,38.5,1.0,1.0,2.0
1980-03-01,97.7,98.0,37.7,100.9,100.8,38.6,1.0,1.0,2.0
1980-04-01,97.6,97.8,37.7,100.4,100.4,38.7,1.0,1.0,2.0
1980-05-01,97.6,97.9,37.8,99.9,100.0,38.7,1.0,1.0,2.0
1980-06-01,98.0,98.2,38.0,99.6,99.7,38.8,1.0,1.0,2.0
1980-07-01,98.5,98.7,38.3,99.4,99.5,38.9,1.0,1.0,2.0
1980-08-01,99.1,99.2,38.6,99.4,99.5,38.9,0.0,1.0,1.0
1980-09-01,99.6,99.6,38.9,99.5,99.6,39.0,0.0,1.0,1.0
1980-10-01,99.9,99.9,39.0,99.8,99.8,39.1,0.0,1.0,1.0
1980-11-01,100.0,100.0,39.2,100.1,100.1,39.2,0.0,1.0,1.0
1980-12-01,100.0,100.0,39.2,100.4,100.4,39.2,0.0,1.0,1.0
1981-01-01,99.9,99.9,39.3,100.7,100.6,39.3,0.0,1.0,1.0
1981-02-01,99.8,99.8,39.3,100.9,100.8,39.4,0.0,1.0,1.0
1981-03-01,99.7,99.7,39.3,100.9,100.8,39.4,0.0,1.0,1.0
1981-04-01,99.5,99.6,39.3,100.9,100.8,39.5,0.0,1.0,1.0
1981-05-01,99.3,99.4,39.3,100.8,100.8,39.6,0.0,1.0,1.0
1981-06-01,99.0,99.1,39.3,100.8,100.7,39.6,0.0,1.0,1.0
1981-07-01,98.8,98.9,39.2,100.6,100.6,39.7,0.0,1.0,1.0
1981-08-01,98.5,98.7,39.2,100.4,100.4,39.8,1.0,1.0,2.0
1981-09-01,98.2,98.4,39.1,100.1,100.1,39.9,1.0,1.0,2.0
1981-10-01,97.9,98.1,39.1,99.7,99.8,39.9,1.0,1.0,2.0
1981-11-01,97.5,97.8,39.0,99.2,99.3,40.0,1.0,1.0,2.0
1981-12-01,97.3,97.6,39.0,98.6,98.9,40.1,1.0,1.0,2.0
1982-01-01,97.0,97.3,39.0,98.1,98.4,40.2,1.0,1.0,2.0
1982-02-01,96.7,97.1,38.9,97.7,98.1,40.2,1.0,1.0,2.0
1982-03-01,96.5,96.9,38.9,97.3,97.7,40.3,1.0,1.0,2.0
1982-04-01,96.3,96.7,38.9,97.0,97.5,40.4,1.0,1.0,2.0
1982-05-01,96.2,96.6,39.0,96.7,97.2,40.5,1.0,1.0,2.0
1982-06-01,96.2,96.6,39.1,96.4,97.0,40.6,1.0,1.0,2.0
1982-07-01,96.3,96.7,39.2,96.2,96.8,40.7,1.0,1.0,2.0
1982-08-01,96.5,96.9,39.4,95.9,96.6,40.8,1.0,1.0,2.0
1982-09-01,96.8,97.1,39.6,95.7,96.4,40.9,1.0,1.0,2.0
1982-10-01,97.1,97.4,39.8,95.6,96.3,41.0,1.0,1.0,2.0
1982-11-01,97.5,97.8,40.0,95.5,96.2,41.1,1.0,1.0,2.0
1982-12-01,98.0,98.2,40.3,95.6,96.3,41.2,0.0,0.0,0.0
1983-01-01,98.5,98.7,40.7,95.7,96.4,41.3,0.0,0.0,0.0
1983-02-01,99.2,99.3,41.1,95.9,96.6,41.4,0.0,0.0,0.0
1983-03-01,99.8,99.8,41.4,96.3,96.9,41.5,0.0,0.0,0.0
1983-04-01,100.4,100.4,41.8,96.6,97.2,41.6,0.0,0.0,0.0
1983-05-01,101.0,100.9,42.2,97.0,97.5,41.7,0.0,0.0,0.0
1983-06-01,101.5,101.3,42.5,97.4,97.9,41.9,0.0,0.0,0.0
1983-07-01,101.9,101.7,42.8,97.9,98.2,42.0,0.0,0.0,0.0
1983-08-01,102.2,101.9,43.0,98.3,98.6,42.1,0.0,0.0,0.0
1983-09-01,102.4,102.1,43.2,98.6,98.9,42.2,0.0,0.0,0.0
1983-10-01,102.5,102.2,43.4,99.0,99.2,42.4,0.0,0.0,0.0
1983-11-01,102.6,102.3,43.6,99.4,99.5,42.5,0.0,0.0,0.0
1983-12-01,102.6,102.3,43.7,99.7,99.8,42.6,0.0,0.0,0.0
1984-01-01,102.6,102.3,43.9,100.1,100.1,42.8,0.0,0.0,0.0
1984-02-01,102.5,102.2,44.0,100.4,100.3,42.9,0.0,0.0,0.0
1984-03-01,102.3,102.0,44.0,100.6,100.6,43.0,0.0,0.0,0.0
1984-04-01,102.0,101.8,44.0,100.8,100.7,43.2,0.0,0.0,0.0
1984-05-01,101.7,101.5,44.1,101.0,100.9,43.3,0.0,0.0,0.0
1984-06-01,101.4,101.3,44.1,101.1,100.9,43.5,0.0,0.0,0.0
1984-07-01,101.1,101.0,44.1,101.1,101.0,43.6,0.0,0.0,0.0
1984-08-01,100.9,100.8,44.1,101.1,101.0,43.7,0.0,1.0,1.0
1984-09-01,100.7,100.6,44.2,101.1,100.9,43.9,0.0,1.0,1.0
1984-10-01,100.5,100.5,44.3,101.0,100.9,44.0,0.0,1.0,1.0
1984-11-01,100.4,100.4,44.4,101.0,100.8,44.2,0.0,1.0,1.0
1984-12-01,100.4,100.3,44.5,100.9,100.8,44.3,0.0,1.0,1.0
1985-01-01,100.3,100.3,44.6,100.9,100.8,44.5,0.0,1.0,1.0
1985-02-01,100.2,100.2,44.7,100.8,100.8,44.6,0.0,1.0,1.0
1985-03-01,100.2,100.2,44.9,100.8,100.7,44.8,0.0,1.0,1.0
1985-04-01,100.2,100.1,45.0,100.9,100.8,44.9,0.0,1.0,1.0
1985-05-01,100.1,100.1,45.2,100.9,100.8,45.1,0.0,1.0,1.0
1985-06-01,100.1,100.1,45.3,100.9,100.8,45.2,0.0,1.0,1.0
1985-07-01,100.1,100.1,45.4,101.0,100.9,45.4,0.0,1.0,1.0
1985-08-01,100.0,100.0,45.6,101.0,100.9,45.5,0.0,1.0,1.0
1985-09-01,100.0,100.0,45.7,101.1,100.9,45.7,0.0,1.0,1.0
1985-10-01,100.0,100.0,45.9,101.1,100.9,45.9,0.0,1.0,1.0
1985-11-01,100.0,100.0,46.0,101.0,100.9,46.0,0.0,1.0,1.0
1985-12-01,100.1,100.1,46.2,101.0,100.9,46.2,0.0,1.0,1.0
1986-01-01,100.1,100.1,46.4,100.9,100.8,46.3,0.0,1.0,1.0
1986-02-01,100.1,100.1,46.5,100.8,100.7,46.5,0.0,1.0,1.0
1986-03-01,100.1,100.1,46.7,100.7,100.6,46.6,0.0,1.0,1.0
1986-04-01,100.1,100.1,46.8,100.6,100.5,46.8,0.0,1.0,1.0
1986-05-01,100.1,100.1,47.0,100.5,100.5,46.9,0.0,1.0,1.0
1986-06-01,100.0,100.0,47.1,100.4,100.4,47.1,0.0,1.0,1.0
1986-07-01,100.0,100.0,47.2,100.3,100.3,47.2,0.0,1.0,1.0
1986-08-01,99.9,99.9,47.3,100.2,100.2,47.4,0.0,1.0,1.0
1986-09-01,99.9,99.9,47.5,100.1,100.2,47.5,0.0,1.0,1.0
1986-10-01,99.8,99.9,47.6,100.1,100.1,47.7,0.0,1.0,1.0
1986-11-01,99.9,99.9,47.8,100.0,100.0,47.8,0.0,1.0,1.0
1986-12-01,99.9,99.9,48.0,99.9,99.9,48.0,0.0,1.0,1.0
1987-01-01,100.1,100.1,48.2,99.8,99.9,48.1,0.0,1.0,1.0
1987-02-01,100.3,100.3,48.4,99.8,99.9,48.3,0.0,1.0,1.0
1987-03-01,100.5,100.5,48.7,99.8,99.9,48.4,0.0,1.0,1.0
1987-04-01,100.7,100.6,48.9,99.8,99.9,48.6,0.0,0.0,0.0
1987-05-01,100.9,100.8,49.2,99.8,99.9,48.7,0.0,0.0,0.0
1987-06-01,101.0,100.9,49.4,99.9,99.9,48.9,0.0,0.0,0.0
1987-07-01,101.1,100.9,49.5,100.0,100.0,49.0,0.0,0.0,0.0
1987-08-01,101.0,100.9,49.7,100.1,100.1,49.2,0.0,0.0,0.0
1987-09-01,100.9,100.8,49.7,100.2,100.2,49.3,0.0,0.0,0.0
1987-10-01,100.7,100.6,49.8,100.3,100.3,49.5,0.0,0.0,0.0
1987-11-01,100.5,100.4,49.8,100.4,100.4,49.6,0.0,0.0,0.0
1987-12-01,100.4,100.3,49.9,100.5,100.4,49.7,0.0,0.0,0.0
1988-01-01,100.3,100.3,50.0,100.5,100.5,49.9,0.0,0.0,0.0
1988-02-01,100.3,100.3,50.2,100.6,100.5,50.0,0.0,0.0,0.0
1988-03-01,100.3,100.3,50.3,100.6,100.6,50.2,0.0,0.0,0.0
1988-04-01,100.4,100.4,50.5,100.7,100.6,50.3,0.0,0.0,0.0
1988-05-01,100.5,100.4,50.7,100.7,100.6,50.4,0.0,0.0,0.0
1988-06-01,100.5,100.5,50.8,100.7,100.7,50.6,0.0,0.0,0.0
1988-07-01,100.6,100.5,51.0,100.8,100.7,50.7,0.0,0.0,0.0
1988-08-01,100.6,100.5,51.1,100.9,100.8,50.8,0.0,0.0,0.0
1988-09-01,100.6,100.5,51.3,100.9,100.8,51.0,0.0,0.0,0.0
1988-10-01,100.6,100.5,51.4,101.1,100.9,51.1,0.0,0.0,0.0
1988-11-01,100.6,100.5,51.5,101.2,101.0,51.2,0.0,0.0,0.0
1988-12-01,100.6,100.5,51.6,101.3,101.1,51.3,0.0,0.0,0.0
1989-01-01,100.5,100.5,51.7,101.4,101.2,51.5,0.0,0.0,0.0
1989-02-01,100.4,100.4,51.8,101.5,101.3,51.6,0.0,0.0,0.0
1989-03-01,100.3,100.2,51.8,101.5,101.3,51.7,0.0,0.0,0.0
1989-04-01,100.1,100.1,51.9,101.6,101.4,51.8,0.0,0.0,0.0
1989-05-01,99.9,99.9,51.9,101.6,101.4,51.9,0.0,0.0,0.0
1989-06-01,99.8,99.8,52.0,101.6,101.4,52.1,0.0,0.0,0.0
1989-07-01,99.7,99.7,52.0,101.6,101.4,52.2,0.0,1.0,1.0
1989-08-01,99.7,99.7,52.1,101.6,101.4,52.3,0.0,1.0,1.0
1989-09-01,99.7,99.7,52.2,101.5,101.3,52.4,0.0,1.0,1.0
1989-10-01,99.7,99.7,52.4,101.5,101.3,52.5,0.0,1.0,1.0
1989-11-01,99.7,99.8,52.5,101.5,101.3,52.6,0.0,1.0,1.0
1989-12-01,99.8,99.8,52.6,101.5,101.3,52.7,0.0,1.0,1.0
1990-01-01,99.8,99.8,52.7,101.5,101.3,52.8,0.0,1.0,1.0
1990-02-01,99.8,99.8,52.9,101.6,101.4,53.0,0.0,1.0,1.0
1990-03-01,99.8,99.8,53.0,101.6,101.4,53.1,0.0,1.0,1.0
1990-04-01,99.7,99.8,53.0,101.5,101.3,53.2,0.0,1.0,1.0
1990-05-01,99.6,99.6,53.0,101.4,101.2,53.3,0.0,1.0,1.0
1990-06-01,99.3,99.4,53.0,101.2,101.1,53.4,0.0,1.0,1.0
1990-07-01,98.9,99.0,52.9,101.0,100.9,53.5,0.0,1.0,1.0
1990-08-01,98.4,98.6,52.7,100.7,100.6,53.6,1.0,1.0,2.0
1990-09-01,97.9,98.1,52.6,100.3,100.3,53.7,1.0,1.0,2.0
1990-10-01,97.5,97.8,52.4,99.9,100.0,53.8,1.0,1.0,2.0
1990-11-01,97.2,97.5,52.4,99.5,99.7,53.9,1.0,1.0,2.0
1990-12-01,97.1,97.4,52.4,99.2,99.4,54.0,1.0,1.0,2.0
1991-01-01,97.1,97.4,52.5,98.9,99.1,54.1,1.0,1.0,2.0
1991-02-01,97.4,97.6,52.8,98.7,98.9,54.2,1.0,1.0,2.0
1991-03-01,97.7,97.9,53.0,98.6,98.8,54.3,1.0,1.0,2.0
1991-04-01,98.1,98.3,53.4,98.5,98.8,54.4,0.0,1.0,1.0
1991-05-01,98.4,98.6,53.7,98.5,98.7,54.5,0.0,1.0,1.0
1991-06-01,98.8,98.9,53.9,98.4,98.7,54.6,0.0,1.0,1.0
1991-07-01,99.0,99.1,54.2,98.4,98.7,54.7,0.0,1.0,1.0
1991-08-01,99.2,99.3,54.4,98.4,98.7,54.8,0.0,1.0,1.0
1991-09-01,99.2,99.3,54.5,98.4,98.7,54.9,0.0,1.0,1.0
1991-10-01,99.1,99.2,54.6,98.4,98.7,55.1,0.0,0.0,0.0
1991-11-01,99.1,99.2,54.6,98.5,98.7,55.2,0.0,0.0,0.0
1991-12-01,99.0,99.1,54.7,98.6,98.8,55.3,0.0,0.0,0.0
1992-01-01,99.1,99.2,54.9,98.7,98.9,55.4,0.0,0.0,0.0
1992-02-01,99.2,99.3,55.1,98.8,99.0,55.5,0.0,0.0,0.0
1992-03-01,99.4,99.4,55.3,99.0,99.2,55.6,0.0,0.0,0.0
1992-04-01,99.5,99.6,55.5,99.1,99.3,55.7,0.0,0.0,0.0
1992-05-01,99.6,99.7,55.6,99.3,99.4,55.9,0.0,0.0,0.0
1992-06-01,99.7,99.7,55.8,99.4,99.5,56.0,0.0,0.0,0.0
1992-07-01,99.7,99.7,55.9,99.5,99.7,56.1,0.0,0.0,0.0
1992-08-01,99.6,99.7,56.0,99.7,99.7,56.2,0.0,0.0,0.0
1992-09-01,99.7,99.7,56.2,99.7,99.8,56.3,0.0,0.0,0.0
1992-10-01,99.8,99.8,56.3,99.8,99.9,56.5,0.0,0.0,0.0
1992-11-01,99.9,99.9,56.6,99.8,99.9,56.6,0.0,0.0,0.0
1992-12-01,100.1,100.1,56.8,99.7,99.8,56.7,0.0,0.0,0.0
1993-01-01,100.1,100.1,56.9,99.7,99.8,56.9,0.0,0.0,0.0
1993-02-01,100.1,100.1,57.1,99.6,99.7,57.0,0.0,0.0,0.0
1993-03-01,100.0,100.0,57.1,99.5,99.6,57.1,0.0,0.0,0.0
1993-04-01,99.9,99.9,57.2,99.4,99.5,57.3,0.0,0.0,0.0
1993-05-01,99.7,99.8,57.2,99.3,99.5,57.4,0.0,0.0,0.0
1993-06-01,99.6,99.6,57.3,99.3,99.4,57.5,0.0,0.0,0.0
1993-07-01,99.5,99.6,57.4,99.2,99.4,57.7,0.0,0.0,0.0
1993-08-01,99.5,99.6,57.5,99.3,99.4,57.8,0.0,0.0,0.0
1993-09-01,99.6,99.7,57.7,99.3,99.5,58.0,0.0,0.0,0.0
1993-10-01,99.8,99.8,58.0,99.4,99.6,58.1,0.0,0.0,0.0
1993-11-01,100.1,100.1,58.3,99.6,99.7,58.3,0.0,0.0,0.0
1993-12-01,100.3,100.3,58.6,99.7,99.8,58.4,0.0,0.0,0.0
1994-01-01,100.6,100.5,58.9,99.8,99.9,58.6,0.0,0.0,0.0
1994-02-01,100.8,100.7,59.2,99.9,100.0,58.7,0.0,0.0,0.0
1994-03-01,100.9,100.8,59.4,100.1,100.1,58.9,0.0,0.0,0.0
1994-04-01,101.0,100.9,59.6,100.2,100.2,59.0,0.0,0.0,0.0
1994-05-01,101.1,101.0,59.8,100.2,100.2,59.2,0.0,0.0,0.0
1994-06-01,101.1,101.0,60.0,100.3,100.3,59.3,0.0,0.0,0.0
1994-07-01,101.0,100.9,60.1,100.3,100.3,59.5,0.0,0.0,0.0
1994-08-01,101.0,100.9,60.3,100.3,100.3,59.7,0.0,0.0,0.0
1994-09-01,100.9,100.8,60.4,100.3,100.3,59.8,0.0,0.0,0.0
1994-10-01,100.8,100.7,60.5,100.3,100.3,60.0,0.0,1.0,1.0
1994-11-01,100.7,100.6,60.6,100.3,100.3,60.2,0.0,1.0,1.0
1994-12-01,100.5,100.4,60.6,100.2,100.2,60.3,0.0,1.0,1.0
1995-01-01,100.2,100.2,60.7,100.1,100.1,60.5,0.0,1.0,1.0
1995-02-01,99.9,99.9,60.6,99.9,100.0,60.7,0.0,1.0,1.0
1995-03-01,99.6,99.6,60.6,99.8,99.9,60.9,0.0,1.0,1.0
1995-04-01,99.2,99.3,60.6,99.6,99.7,61.1,0.0,1.0,1.0
1995-05-01,99.0,99.1,60.6,99.5,99.6,61.2,0.0,1.0,1.0
1995-06-01,98.8,98.9,60.7,99.4,99.5,61.4,0.0,1.0,1.0
1995-07-01,98.7,98.9,60.8,99.3,99.5,61.6,0.0,1.0,1.0
1995-08-01,98.6,98.8,61.0,99.2,99.4,61.8,0.0,1.0,1.0
1995-09-01,98.6,98.7,61.1,99.2,99.3,62.0,0.0,1.0,1.0
1995-10-01,98.5,98.7,61.3,99.1,99.3,62.2,0.0,1.0,1.0
1995-11-01,98.5,98.7,61.4,99.1,99.2,62.4,0.0,1.0,1.0
1995-12-01,98.5,98.7,61.6,99.0,99.2,62.6,0.0,1.0,1.0
1996-01-01,98.6,98.8,61.9,99.1,99.2,62.8,0.0,0.0,0.0
1996-02-01,98.7,98.9,62.2,99.1,99.3,62.9,0.0,0.0,0.0
1996-03-01,98.9,99.0,62.5,99.2,99.3,63.1,0.0,0.0,0.0
1996-04-01,99.1,99.2,62.8,99.3,99.4,63.3,0.0,0.0,0.0
1996-05-01,99.2,99.3,63.1,99.4,99.5,63.6,0.0,0.0,0.0
1996-06-01,99.4,99.5,63.4,99.4,99.6,63.8,0.0,0.0,0.0
1996-07-01,99.5,99.5,63.6,99.5,99.6,64.0,0.0,0.0,0.0
1996-08-01,99.6,99.6,63.9,99.5,99.6,64.2,0.0,0.0,0.0
1996-09-01,99.6,99.7,64.1,99.5,99.6,64.4,0.0,0.0,0.0
1996-10-01,99.7,99.7,64.4,99.5,99.6,64.6,0.0,0.0,0.0
1996-11-01,99.8,99.8,64.7,99.5,99.6,64.8,0.0,0.0,0.0
1996-12-01,99.9,99.9,64.9,99.4,99.6,65.0,0.0,0.0,0.0
1997-01-01,100.0,100.0,65.2,99.4,99.6,65.2,0.0,0.0,0.0
1997-02-01,100.1,100.1,65.5,99.5,99.6,65.5,0.0,0.0,0.0
1997-03-01,100.3,100.2,65.8,99.5,99.6,65.7,0.0,0.0,0.0
1997-04-01,100.4,100.3,66.1,99.6,99.7,65.9,0.0,0.0,0.0
1997-05-01,100.5,100.5,66.5,99.8,99.8,66.1,0.0,0.0,0.0
1997-06-01,100.7,100.6,66.8,99.9,99.9,66.3,0.0,0.0,0.0
1997-07-01,100.8,100.7,67.1,99.9,100.0,66.5,0.0,0.0,0.0
1997-08-01,100.9,100.8,67.4,100.0,100.0,66.8,0.0,0.0,0.0
1997-09-01,100.9,100.8,67.6,100.0,100.0,67.0,0.0,0.0,0.0
1997-10-01,101.0,100.9,67.9,100.0,100.0,67.2,0.0,0.0,0.0
1997-11-01,101.0,100.9,68.1,100.0,100.0,67.4,0.0,0.0,0.0
1997-12-01,100.9,100.8,68.3,100.0,100.0,67.7,0.0,0.0,0.0
1998-01-01,100.9,100.8,68.5,99.9,100.0,67.9,0.0,0.0,0.0
1998-02-01,100.8,100.7,68.7,99.9,100.0,68.1,0.0,0.0,0.0
1998-03-01,100.7,100.6,68.8,99.9,100.0,68.3,0.0,0.0,0.0
1998-04-01,100.6,100.5,69.0,99.9,100.0,68.6,0.0,0.0,0.0
1998-05-01,100.4,100.3,69.1,100.0,100.0,68.8,0.0,0.0,0.0
1998-06-01,100.2,100.2,69.2,100.0,100.1,69.0,0.0,0.0,0.0
1998-07-01,100.0,100.0,69.2,100.1,100.1,69.2,0.0,0.0,0.0
1998-08-01,99.8,99.9,69.4,100.2,100.2,69.5,0.0,0.0,0.0
1998-09-01,99.7,99.8,69.5,100.4,100.4,69.7,0.0,0.0,0.0
1998-10-01,99.7,99.8,69.7,100.5,100.5,69.9,0.0,0.0,0.0
1998-11-01,99.8,99.9,70.0,100.6,100.6,70.1,0.0,0.0,0.0
1998-12-01,100.0,100.0,70.4,100.7,100.6,70.4,0.0,0.0,0.0
1999-01-01,100.2,100.2,70.7,100.7,100.7,70.6,0.0,0.0,0.0
1999-02-01,100.4,100.4,71.1,100.8,100.7,70.8,0.0,0.0,0.0
1999-03-01,100.6,100.6,71.5,100.8,100.7,71.0,0.0,0.0,0.0
1999-04-01,100.8,100.7,71.8,100.8,100.7,71.2,0.0,0.0,0.0
1999-05-01,100.9,100.8,72.1,100.9,100.8,71.5,0.0,0.0,0.0
1999-06-01,101.0,100.9,72.4,100.9,100.8,71.7,0.0,0.0,0.0
1999-07-01,101.1,101.0,72.7,101.1,100.9,71.9,0.0,0.0,0.0
1999-08-01,101.2,101.0,73.0,101.2,101.1,72.1,0.0,0.0,0.0
1999-09-01,101.2,101.1,73.2,101.3,101.2,72.3,0.0,0.0,0.0
1999-10-01,101.3,101.1,73.5,101.5,101.3,72.5,0.0,0.0,0.0
1999-11-01,101.3,101.2,73.7,101.6,101.4,72.7,0.0,0.0,0.0
1999-12-01,101.4,101.2,73.9,101.7,101.5,72.9,0.0,0.0,0.0
2000-01-01,101.4,101.2,74.1,101.7,101.5,73.1,0.0,0.0,0.0
2000-02-01,101.3,101.2,74.3,101.8,101.6,73.3,0.0,0.0,0.0
2000-03-01,101.2,101.1,74.4,101.9,101.6,73.6,0.0,0.0,0.0
2000-04-01,101.1,101.0,74.6,102.0,101.7,73.8,0.0,0.0,0.0
2000-05-01,100.9,100.8,74.7,102.0,101.8,73.9,0.0,0.0,0.0
2000-06-01,100.8,100.7,74.7,102.0,101.8,74.1,0.0,1.0,1.0
2000-07-01,100.6,100.5,74.8,102.0,101.7,74.3,0.0,1.0,1.0
2000-08-01,100.4,100.3,74.8,101.9,101.6,74.5,0.0,1.0,1.0
2000-09-01,100.1,100.1,74.8,101.7,101.5,74.7,0.0,1.0,1.0
2000-10-01,99.8,99.8,74.8,101.6,101.4,74.9,0.0,1.0,1.0
2000-11-01,99.5,99.5,74.7,101.4,101.2,75.1,0.0,1.0,1.0
2000-12-01,99.1,99.2,74.6,101.2,101.0,75.3,0.0,1.0,1.0
2001-01-01,98.8,98.9,74.5,100.9,100.8,75.5,0.0,1.0,1.0
2001-02-01,98.5,98.7,74.5,100.7,100.6,75.7,0.0,1.0,1.0
2001-03-01,98.3,98.5,74.6,100.5,100.5,75.8,0.0,1.0,1.0
2001-04-01,98.2,98.4,74.7,100.3,100.3,76.0,1.0,1.0,2.0
2001-05-01,98.2,98.4,74.8,100.1,100.1,76.2,1.0,1.0,2.0
2001-06-01,98.2,98.4,75.0,99.9,99.9,76.4,1.0,1.0,2.0
2001-07-01,98.1,98.3,75.1,99.6,99.7,76.6,1.0,1.0,2.0
2001-08-01,98.1,98.3,75.3,99.4,99.5,76.7,1.0,1.0,2.0
2001-09-01,98.0,98.2,75.4,99.2,99.4,76.9,1.0,1.0,2.0
2001-10-01,98.1,98.3,75.6,99.1,99.3,77.1,1.0,1.0,2.0
2001-11-01,98.3,98.4,75.9,99.0,99.2,77.3,1.0,1.0,2.0
2001-12-01,98.5,98.7,76.3,98.9,99.1,77.5,0.0,1.0,1.0
2002-01-01,98.8,99.0,76.7,98.9,99.1,77.6,0.0,1.0,1.0
2002-02-01,99.1,99.2,77.1,98.9,99.1,77.8,0.0,1.0,1.0
2002-03-01,99.4,99.4,77.5,98.9,99.1,78.0,0.0,1.0,1.0
2002-04-01,99.4,99.5,77.7,98.9,99.1,78.2,0.0,1.0,1.0
2002-05-01,99.4,99.5,77.9,98.8,99.1,78.3,0.0,1.0,1.0
2002-06-01,99.2,99.3,77.9,98.8,99.0,78.5,0.0,1.0,1.0
2002-07-01,98.9,99.0,77.8,98.7,98.9,78.7,0.0,1.0,1.0
2002-08-01,98.6,98.8,77.8,98.6,98.8,78.9,0.0,1.0,1.0
2002-09-01,98.3,98.5,77.7,98.4,98.7,79.1,0.0,1.0,1.0
2002-10-01,98.1,98.3,77.7,98.3,98.6,79.2,0.0,1.0,1.0
2002-11-01,97.9,98.2,77.8,98.2,98.5,79.4,0.0,1.0,1.0
2002-12-01,97.8,98.1,77.9,98.1,98.4,79.6,0.0,1.0,1.0
2003-01-01,97.8,98.0,78.0,98.0,98.3,79.8,0.0,1.0,1.0
2003-02-01,97.7,98.0,78.2,98.0,98.3,80.0,0.0,1.0,1.0
2003-03-01,97.8,98.0,78.4,98.0,98.4,80.2,0.0,0.0,0.0
2003-04-01,97.9,98.1,78.7,98.1,98.5,80.3,0.0,0.0,0.0
2003-05-01,98.1,98.3,79.0,98.3,98.6,80.5,0.0,0.0,0.0
2003-06-01,98.4,98.6,79.4,98.5,98.8,80.7,0.0,0.0,0.0
2003-07-01,98.8,98.9,79.9,98.7,99.0,80.9,0.0,0.0,0.0
2003-08-01,99.1,99.2,80.4,98.9,99.1,81.1,0.0,0.0,0.0
2003-09-01,99.6,99.6,80.9,99.1,99.3,81.3,0.0,0.0,0.0
2003-10-01,100.0,100.0,81.4,99.3,99.4,81.5,0.0,0.0,0.0
2003-11-01,100.4,100.3,81.9,99.4,99.5,81.6,0.0,0.0,0.0
2003-12-01,100.7,100.6,82.4,99.4,99.6,81.8,0.0,0.0,0.0
2004-01-01,100.9,100.8,82.8,99.5,99.6,82.0,0.0,0.0,0.0
2004-02-01,101.1,100.9,83.1,99.5,99.6,82.2,0.0,0.0,0.0
2004-03-01,101.1,101.0,83.3,99.5,99.6,82.4,0.0,0.0,0.0
2004-04-01,101.1,101.0,83.5,99.5,99.6,82.6,0.0,0.0,0.0
2004-05-01,101.1,101.0,83.7,99.6,99.7,82.8,0.0,0.0,0.0
2004-06-01,101.0,100.9,83.8,99.6,99.7,82.9,0.0,0.0,0.0
2004-07-01,100.9,100.8,83.9,99.7,99.8,83.1,0.0,0.0,0.0
2004-08-01,100.8,100.7,84.0,99.8,99.9,83.3,0.0,0.0,0.0
2004-09-01,100.7,100.6,84.1,99.9,100.0,83.5,0.0,0.0,0.0
2004-10-01,100.6,100.5,84.2,100.1,100.1,83.7,0.0,0.0,0.0
2004-11-01,100.6,100.5,84.3,100.2,100.2,83.9,0.0,0.0,0.0
2004-12-01,100.6,100.5,84.5,100.3,100.3,84.0,0.0,0.0,0.0
2005-01-01,100.5,100.5,84.7,100.4,100.4,84.2,0.0,0.0,0.0
2005-02-01,100.5,100.4,84.8,100.5,100.4,84.4,0.0,0.0,0.0
2005-03-01,100.4,100.3,84.9,100.5,100.5,84.6,0.0,0.0,0.0
2005-04-01,100.3,100.3,85.0,100.6,100.5,84.7,0.0,0.0,0.0
2005-05-01,100.3,100.3,85.2,100.6,100.5,84.9,0.0,0.0,0.0
2005-06-01,100.3,100.3,85.4,100.6,100.6,85.1,0.0,0.0,0.0
2005-07-01,100.4,100.3,85.6,100.6,100.6,85.2,0.0,0.0,0.0
2005-08-01,100.5,100.4,85.8,100.7,100.6,85.4,0.0,0.0,0.0
2005-09-01,100.6,100.5,86.0,100.8,100.7,85.6,0.0,0.0,0.0
2005-10-01,100.7,100.6,86.3,100.8,100.7,85.7,0.0,0.0,0.0
2005-11-01,100.9,100.8,86.6,100.9,100.8,85.9,0.0,0.0,0.0
2005-12-01,101.1,101.0,87.0,101.1,100.9,86.0,0.0,0.0,0.0
2006-01-01,101.2,101.1,87.2,101.2,101.0,86.2,0.0,0.0,0.0
2006-02-01,101.3,101.2,87.4,101.3,101.1,86.3,0.0,0.0,0.0
2006-03-01,101.3,101.2,87.6,101.3,101.2,86.5,0.0,0.0,0.0
2006-04-01,101.3,101.2,87.7,101.3,101.2,86.6,0.0,0.0,0.0
2006-05-01,101.2,101.1,87.8,101.3,101.1,86.7,0.0,0.0,0.0
2006-06-01,101.2,101.1,87.9,101.3,101.1,86.9,0.0,0.0,0.0
2006-07-01,101.2,101.0,88.0,101.2,101.1,87.0,0.0,0.0,0.0
2006-08-01,101.2,101.0,88.1,101.2,101.1,87.1,0.0,0.0,0.0
2006-09-01,101.2,101.1,88.3,101.2,101.1,87.2,0.0,0.0,0.0
2006-10-01,101.3,101.2,88.5,101.3,101.1,87.4,0.0,0.0,0.0
2006-11-01,101.5,101.3,88.7,101.3,101.2,87.5,0.0,0.0,0.0
2006-12-01,101.6,101.4,89.0,101.4,101.2,87.6,0.0,0.0,0.0
2007-01-01,101.7,101.5,89.2,101.4,101.2,87.7,0.0,0.0,0.0
2007-02-01,101.8,101.6,89.4,101.5,101.3,87.8,0.0,0.0,0.0
2007-03-01,101.9,101.7,89.6,101.5,101.3,87.9,0.0,0.0,0.0
2007-04-01,102.1,101.8,89.8,101.6,101.4,88.0,0.0,0.0,0.0
2007-05-01,102.1,101.9,90.0,101.7,101.5,88.1,0.0,0.0,0.0
2007-06-01,102.2,101.9,90.1,101.8,101.6,88.2,0.0,0.0,0.0
2007-07-01,102.2,101.9,90.2,101.9,101.7,88.3,0.0,0.0,0.0
2007-08-01,102.1,101.9,90.2,102.0,101.7,88.3,0.0,0.0,0.0
2007-09-01,102.0,101.8,90.2,102.1,101.8,88.4,0.0,0.0,0.0
2007-10-01,101.9,101.7,90.2,102.1,101.8,88.5,0.0,0.0,0.0
2007-11-01,101.7,101.5,90.1,102.1,101.9,88.6,0.0,0.0,0.0
2007-12-01,101.6,101.4,90.1,102.1,101.8,88.7,0.0,1.0,1.0
2008-01-01,101.5,101.3,90.0,102.1,101.8,88.7,1.0,1.0,2.0
2008-02-01,101.3,101.2,90.0,102.0,101.8,88.8,1.0,1.0,2.0
2008-03-01,101.2,101.0,89.9,102.0,101.7,88.9,1.0,1.0,2.0
2008-04-01,100.9,100.8,89.8,101.9,101.7,88.9,1.0,1.0,2.0
2008-05-01,100.7,100.6,89.6,101.8,101.6,89.0,1.0,1.0,2.0
2008-06-01,100.3,100.2,89.3,101.6,101.4,89.0,1.0,1.0,2.0
2008-07-01,99.7,99.8,88.9,101.3,101.1,89.1,1.0,1.0,2.0
2008-08-01,99.0,99.1,88.3,100.9,100.8,89.2,1.0,1.0,2.0
2008-09-01,98.2,98.4,87.6,100.4,100.3,89.2,1.0,1.0,2.0
2008-10-01,97.2,97.6,86.8,99.8,99.8,89.3,1.0,1.0,2.0
2008-11-01,96.4,96.8,86.1,99.2,99.3,89.3,1.0,1.0,2.0
2008-12-01,95.6,96.1,85.5,98.6,98.9,89.4,1.0,1.0,2.0
2009-01-01,95.1,95.6,85.0,98.2,98.5,89.4,1.0,1.0,2.0
2009-02-01,94.8,95.4,84.8,97.8,98.2,89.5,1.0,1.0,2.0
2009-03-01,94.7,95.3,84.8,97.5,97.9,89.6,1.0,1.0,2.0
2009-04-01,94.9,95.5,85.1,97.4,97.8,89.6,1.0,1.0,2.0
2009-05-01,95.3,95.9,85.5,97.3,97.7,89.7,1.0,1.0,2.0
2009-06-01,95.8,96.3,86.0,97.3,97.7,89.7,1.0,0.0,1.0
2009-07-01,96.4,96.8,86.6,97.3,97.8,89.8,0.0,0.0,0.0
2009-08-01,97.0,97.3,87.1,97.5,97.9,89.9,0.0,0.0,0.0
2009-09-01,97.5,97.8,87.7,97.6,98.0,89.9,0.0,0.0,0.0
2009-10-01,98.0,98.2,88.2,97.8,98.2,90.0,0.0,0.0,0.0
2009-11-01,98.4,98.6,88.6,98.0,98.4,90.1,0.0,0.0,0.0
2009-12-01,98.8,99.0,89.1,98.2,98.5,90.1,0.0,0.0,0.0
2010-01-01,99.2,99.3,89.5,98.4,98.7,90.2,0.0,0.0,0.0
2010-02-01,99.5,99.5,89.8,98.6,98.8,90.3,0.0,0.0,0.0
2010-03-01,99.6,99.7,90.0,98.8,99.0,90.4,0.0,0.0,0.0
2010-04-01,99.7,99.7,90.2,98.9,99.1,90.4,0.0,0.0,0.0
2010-05-01,99.7,99.7,90.2,99.1,99.3,90.5,0.0,0.0,0.0
2010-06-01,99.6,99.6,90.2,99.3,99.4,90.6,0.0,0.0,0.0
2010-07-01,99.5,99.6,90.3,99.4,99.6,90.7,0.0,0.0,0.0
2010-08-01,99.5,99.6,90.3,99.6,99.7,90.8,0.0,0.0,0.0
2010-09-01,99.6,99.6,90.5,99.6,99.7,90.9,0.0,0.0,0.0
2010-10-01,99.7,99.7,90.7,99.7,99.8,91.0,0.0,0.0,0.0
2010-11-01,99.9,99.9,91.0,99.7,99.7,91.1,0.0,0.0,0.0
2010-12-01,100.1,100.1,91.2,99.6,99.7,91.2,0.0,0.0,0.0
2011-01-01,100.3,100.2,91.5,99.5,99.7,91.3,0.0,0.0,0.0
2011-02-01,100.4,100.3,91.7,99.5,99.6,91.4,0.0,0.0,0.0
2011-03-01,100.4,100.3,91.8,99.4,99.6,91.5,0.0,0.0,0.0
2011-04-01,100.2,100.2,91.8,99.4,99.5,91.6,0.0,0.0,0.0
2011-05-01,100.0,100.0,91.7,99.4,99.5,91.7,0.0,0.0,0.0
2011-06-01,99.8,99.8,91.6,99.4,99.5,91.8,0.0,0.0,0.0
2011-07-01,99.5,99.5,91.4,99.4,99.5,91.9,0.0,0.0,0.0
2011-08-01,99.2,99.3,91.3,99.4,99.6,92.0,0.0,0.0,0.0
2011-09-01,99.1,99.2,91.3,99.5,99.6,92.2,0.0,0.0,0.0
2011-10-01,99.1,99.2,91.5,99.7,99.8,92.3,0.0,0.0,0.0
2011-11-01,99.3,99.4,91.7,99.8,99.9,92.4,0.0,0.0,0.0
2011-12-01,99.5,99.5,92.1,100.0,100.0,92.5,0.0,0.0,0.0
2012-01-01,99.7,99.7,92.4,100.1,100.1,92.7,0.0,0.0,0.0
2012-02-01,99.9,99.9,92.7,100.2,100.2,92.8,0.0,0.0,0.0
2012-03-01,99.9,99.9,92.9,100.2,100.2,92.9,0.0,0.0,0.0
2012-04-01,99.9,99.9,93.0,100.2,100.2,93.1,0.0,0.0,0.0
2012-05-01,99.8,99.8,93.0,100.2,100.2,93.2,0.0,1.0,1.0
2012-06-01,99.7,99.7,93.1,100.2,100.2,93.3,0.0,1.0,1.0
2012-07-01,99.6,99.7,93.1,100.1,100.1,93.5,0.0,1.0,1.0
2012-08-01,99.6,99.6,93.2,100.0,100.0,93.6,0.0,1.0,1.0
2012-09-01,99.6,99.7,93.4,99.9,100.0,93.8,0.0,1.0,1.0
2012-10-01,99.7,99.7,93.6,99.9,99.9,93.9,0.0,1.0,1.0
2012-11-01,99.8,99.8,93.9,99.8,99.9,94.1,0.0,1.0,1.0
2012-12-01,99.9,99.9,94.1,99.8,99.9,94.2,0.0,1.0,1.0
2013-01-01,100.0,100.0,94.4,99.8,99.9,94.4,0.0,1.0,1.0
2013-02-01,100.2,100.2,94.7,99.8,99.9,94.5,0.0,1.0,1.0
2013-03-01,100.3,100.3,95.0,99.8,99.9,94.7,0.0,1.0,1.0
2013-04-01,100.4,100.4,95.3,99.8,99.9,94.8,0.0,1.0,1.0
2013-05-01,100.5,100.5,95.5,99.8,99.9,95.0,0.0,1.0,1.0
2013-06-01,100.6,100.6,95.8,99.8,99.9,95.2,0.0,1.0,1.0
2013-07-01,100.7,100.6,96.0,99.9,99.9,95.3,0.0,1.0,1.0
2013-08-01,100.7,100.6,96.2,99.9,99.9,95.5,0.0,1.0,1.0
2013-09-01,100.7,100.6,96.4,99.9,99.9,95.7,0.0,1.0,1.0
2013-10-01,100.7,100.6,96.5,99.9,99.9,95.8,0.0,1.0,1.0
2013-11-01,100.7,100.6,96.7,99.8,99.9,96.0,0.0,1.0,1.0
2013-12-01,100.7,100.6,96.9,99.7,99.8,96.2,0.0,1.0,1.0
2014-01-01,100.7,100.6,97.0,99.7,99.7,96.4,0.0,1.0,1.0
2014-02-01,100.7,100.6,97.2,99.6,99.7,96.5,0.0,1.0,1.0
2014-03-01,100.8,100.7,97.4,99.7,99.8,96.7,0.0,0.0,0.0
2014-04-01,100.8,100.7,97.7,99.8,99.8,96.9,0.0,0.0,0.0
2014-05-01,100.9,100.8,97.9,99.9,100.0,97.1,0.0,0.0,0.0
2014-06-01,100.9,100.8,98.1,100.1,100.1,97.2,0.0,0.0,0.0
2014-07-01,100.9,100.8,98.3,100.2,100.2,97.4,0.0,0.0,0.0
2014-08-01,100.9,100.8,98.5,100.3,100.3,97.6,0.0,0.0,0.0
2014-09-01,100.9,100.8,98.7,100.4,100.4,97.8,0.0,0.0,0.0
2014-10-01,100.9,100.8,98.8,100.5,100.5,98.0,0.0,0.0,0.0
2014-11-01,100.9,100.8,99.0,100.5,100.5,98.2,0.0,0.0,0.0
2014-12-01,100.8,100.7,99.1,100.6,100.5,98.3,0.0,0.0,0.0
2015-01-01,100.7,100.6,99.2,100.6,100.6,98.5,0.0,0.0,0.0
2015-02-01,100.6,100.5,99.3,100.6,100.6,98.7,0.0,0.0,0.0
2015-03-01,100.5,100.4,99.4,100.7,100.6,98.9,0.0,0.0,0.0
2015-04-01,100.4,100.3,99.4,100.6,100.6,99.1,0.0,1.0,1.0
2015-05-01,100.3,100.2,99.5,100.6,100.6,99.3,0.0,1.0,1.0
2015-06-01,100.1,100.1,99.6,100.6,100.5,99.5,0.0,1.0,1.0
2015-07-01,100.0,100.0,99.6,100.5,100.5,99.6,0.0,1.0,1.0
2015-08-01,99.8,99.8,99.6,100.4,100.4,99.8,0.0,1.0,1.0
2015-09-01,99.6,99.7,99.6,100.3,100.3,100.0,0.0,1.0,1.0
2015-10-01,99.5,99.5,99.7,100.2,100.2,100.2,0.0,1.0,1.0
2015-11-01,99.3,99.4,99.7,100.1,100.1,100.4,0.0,1.0,1.0
2015-12-01,99.2,99.3,99.8,100.0,100.1,100.6,0.0,1.0,1.0
2016-01-01,99.1,99.2,99.9,100.0,100.0,100.8,0.0,1.0,1.0
2016-02-01,99.1,99.2,100.0,99.9,100.0,101.0,0.0,1.0,1.0
2016-03-01,99.0,99.1,100.2,99.9,99.9,101.2,0.0,1.0,1.0
2016-04-01,99.0,99.1,100.4,99.9,99.9,101.4,0.0,1.0,1.0
2016-05-01,99.0,99.2,100.6,99.8,99.9,101.6,0.0,1.0,1.0
2016-06-01,99.1,99.2,100.8,99.8,99.9,101.8,0.0,1.0,1.0
2016-07-01,99.1,99.2,101.0,99.8,99.8,102.0,0.0,1.0,1.0
2016-08-01,99.1,99.2,101.2,99.7,99.8,102.2,0.0,1.0,1.0
2016-09-01,99.2,99.3,101.5,99.7,99.8,102.4,0.0,1.0,1.0
2016-10-01,99.3,99.4,101.8,99.7,99.8,102.5,0.0,1.0,1.0
2016-11-01,99.4,99.5,102.2,99.7,99.7,102.7,0.0,1.0,1.0
2016-12-01,99.6,99.6,102.5,99.6,99.7,102.9,0.0,1.0,1.0
2017-01-01,99.7,99.7,102.8,99.6,99.7,103.1,0.0,1.0,1.0
2017-02-01,99.8,99.8,103.1,99.6,99.7,103.3,0.0,1.0,1.0
2017-03-01,99.8,99.8,103.3,99.5,99.6,103.5,0.0,1.0,1.0
2017-04-01,99.8,99.9,103.6,99.5,99.6,103.7,0.0,0.0,0.0
2017-05-01,99.9,99.9,103.8,99.6,99.7,103.9,0.0,0.0,0.0
2017-06-01,99.9,99.9,104.0,99.6,99.7,104.1,0.0,0.0,0.0
2017-07-01,99.9,99.9,104.3,99.7,99.8,104.3,0.0,0.0,0.0
2017-08-01,100.0,100.0,104.5,99.8,99.8,104.5,0.0,0.0,0.0
2017-09-01,100.1,100.1,104.8,99.9,99.9,104.7,0.0,0.0,0.0
2017-10-01,100.2,100.2,105.2,100.0,100.0,104.9,0.0,0.0,0.0
2017-11-01,100.3,100.3,105.5,100.1,100.1,105.1,0.0,0.0,0.0
2017-12-01,100.4,100.4,105.8,100.2,100.2,105.3,0.0,0.0,0.0
2018-01-01,100.5,100.5,106.1,100.3,100.3,105.5,0.0,0.0,0.0
2018-02-01,100.6,100.6,106.4,100.3,100.3,105.7,0.0,0.0,0.0
2018-03-01,100.7,100.6,106.6,100.4,100.4,105.9,0.0,0.0,0.0
2018-04-01,100.7,100.6,106.9,100.4,100.4,106.1,0.0,0.0,0.0
2018-05-01,100.7,100.6,107.1,100.5,100.4,106.3,0.0,0.0,0.0
2018-06-01,100.7,100.6,107.2,100.5,100.4,106.5,0.0,0.0,0.0
2018-07-01,100.6,100.6,107.4,100.5,100.5,106.7,0.0,0.0,0.0
2018-08-01,100.5,100.5,107.5,100.5,100.4,106.9,0.0,0.0,0.0
2018-09-01,100.4,100.4,107.5,100.4,100.4,107.1,0.0,0.0,0.0
2018-10-01,100.3,100.2,107.5,100.4,100.4,107.3,0.0,0.0,0.0
2018-11-01,100.1,100.1,107.5,100.3,100.3,107.5,0.0,0.0,0.0
2018-12-01,99.9,99.9,107.6,100.3,100.3,107.6,0.0,0.0,0.0
2019-01-01,99.8,99.8,107.6,100.3,100.3,107.8,0.0,0.0,0.0
2019-02-01,99.7,99.7,107.7,100.3,100.3,108.0,0.0,0.0,0.0
2019-03-01,99.6,99.7,107.8,100.3,100.3,108.2,0.0,0.0,0.0
2019-04-01,99.5,99.6,107.9,100.4,100.4,108.4,0.0,0.0,0.0
2019-05-01,99.5,99.5,108.0,100.5,100.4,108.6,0.0,0.0,0.0
2019-06-01,99.4,99.4,108.1,100.5,100.5,108.8,0.0,0.0,0.0
2019-07-01,99.3,99.4,108.2,100.6,100.6,109.0,0.0,0.0,0.0
2019-08-01,99.2,99.3,108.3,100.7,100.6,109.1,0.0,0.0,0.0
2019-09-01,99.2,99.3,108.5,100.7,100.7,109.3,0.0,0.0,0.0
2019-10-01,99.2,99.3,108.6,100.8,100.7,109.5,0.0,0.0,0.0
2019-11-01,99.2,99.3,108.9,100.8,100.7,109.7,0.0,0.0,0.0
2019-12-01,99.2,99.3,109.0,100.8,100.7,109.9,0.0,0.0,0.0
2020-01-01,99.2,99.3,109.1,100.8,100.8,110.1,0.0,0.0,0.0
2020-02-01,99.0,99.2,109.2,100.8,100.7,110.2,0.0,1.0,1.0
2020-03-01,97.2,97.6,107.4,95.4,96.1,110.4,1.0,1.0,2.0
2020-04-01,92.6,93.4,102.4,91.9,93.2,110.6,1.0,1.0,2.0
2020-05-01,94.1,94.8,104.3,90.2,91.7,110.8,0.0,1.0,1.0
2020-06-01,96.0,96.5,106.6,92.4,93.6,111.0,0.0,0.0,0.0
2020-07-01,97.6,97.9,108.5,94.6,95.5,111.1,0.0,0.0,0.0
2020-08-01,98.3,98.5,109.4,96.8,97.3,111.3,0.0,0.0,0.0
2020-09-01,98.6,98.8,109.9,97.0,97.5,111.5,0.0,0.0,0.0
2020-10-01,99.0,99.1,110.5,97.1,97.6,111.7,0.0,0.0,0.0
2020-11-01,99.4,99.4,111.1,97.3,97.7,111.8,0.0,0.0,0.0
2020-12-01,99.8,99.8,111.8,97.7,98.1,112.0,0.0,0.0,0.0
2021-01-01,100.2,100.2,112.4,98.2,98.5,112.2,0.0,0.0,0.0
2021-02-01,100.6,100.5,113.0,98.6,98.9,112.4,0.0,0.0,0.0
2021-03-01,100.9,100.8,113.6,98.9,99.1,112.5,0.0,0.0,0.0
2021-04-01,101.2,101.1,114.1,99.1,99.3,112.7,0.0,0.0,0.0
2021-05-01,101.3,101.1,114.3,99.3,99.5,112.9,0.0,0.0,0.0
2021-06-01,101.3,101.2,114.5,99.5,99.7,113.1,0.0,0.0,0.0
2021-07-01,101.3,101.1,114.7,99.8,99.8,113.2,0.0,0.0,0.0
2021-08-01,101.2,101.1,114.8,100.0,100.0,113.4,0.0,0.0,0.0
2021-09-01,101.1,101.0,114.9,100.2,100.2,113.6,0.0,0.0,0.0
2021-10-01,101.1,101.0,115.0,100.4,100.3,113.8,0.0,0.0,0.0
2021-11-01,101.0,100.9,115.1,100.4,100.4,114.0,0.0,0.0,0.0
2021-12-01,100.9,100.8,115.2,100.4,100.4,114.1,0.0,0.0,0.0
2022-01-01,100.8,100.7,115.2,100.3,100.3,114.3,0.0,0.0,0.0
2022-02-01,100.6,100.6,115.2,100.2,100.2,114.5,0.0,0.0,0.0
2022-03-01,100.4,100.4,115.2,100.0,100.0,114.7,0.0,0.0,0.0
2022-04-01,100.2,100.2,115.0,99.8,99.9,114.8,0.0,0.0,0.0
2022-05-01,99.9,99.9,114.9,99.7,99.8,115.0,0.0,0.0,0.0
2022-06-01,99.6,99.6,114.7,99.7,99.8,115.2,0.0,0.0,0.0
2022-07-01,99.3,99.4,114.6,99.7,99.8,115.4,0.0,0.0,0.0
2022-08-01,99.2,99.3,114.6,99.7,99.8,115.5,0.0,0.0,0.0
2022-09-01,99.0,99.1,114.6,99.8,99.9,115.7,0.0,0.0,0.0
2022-10-01,98.9,99.0,114.6,99.8,99.9,115.9,0.0,0.0,0.0
2022-11-01,98.8,98.9,114.7,99.9,99.9,116.1,0.0,0.0,0.0
2022-12-01,98.7,98.9,114.8,99.9,99.9,116.3,0.0,0.0,0.0
